Title,puplished_date,views,likes,favorites,month,year
Bazen aralara doÄŸal dokunuÅŸ ğŸ˜³ğŸ’ˆ,2025-01-01 14:58:18+00:00,7807,155,0,Jan,2025
Bazen ders niteliÄŸinde ğŸ˜³ğŸ’ˆ,2024-12-30 16:36:14+00:00,3847,153,0,Dec,2024
Bazen aralara ğŸ˜³ğŸ’ˆ,2024-12-27 14:38:07+00:00,7111,148,0,Dec,2024
SICACIK SOHBET EÅLÄ°ÄÄ°NDE EVSÄ°Z ADAMA YEPYENÄ° BÄ°R GÃ–RÃœNÃœM!!?,2024-12-26 08:51:44+00:00,5276,161,0,Dec,2024
Bazen saÃ§ herÅŸeyi deÄŸiÅŸtirir ğŸ˜³ğŸ’ˆ #barberstown #teambarberstown #barberstowntv,2024-12-24 14:35:49+00:00,14869,329,0,Dec,2024
Bazen kaymak gibi ğŸ˜³ğŸ’ˆ #barberstown  #teambarberstown #barberstowntv,2024-12-20 15:21:10+00:00,5740,195,0,Dec,2024
Bazen ÅŸaÅŸÄ±rÄ±rsÄ±n ğŸ˜³ğŸ’ˆ #barberstown #teambarberstown #barberstowntv,2024-12-19 14:50:57+00:00,15082,215,0,Dec,2024
Bazen gÃ¼ncellersin ğŸ˜³ğŸ’ˆ #barberstown,2024-12-16 15:31:37+00:00,5443,210,0,Dec,2024
DÃœNYAYI Ã‡ILDIRTAN ÃœNLÃœ TIRAÅ!!?,2024-12-16 10:59:52+00:00,4702,186,0,Dec,2024
Bazen Ã§Ä±ldÄ±rmamak elde deÄŸil ğŸ˜³ğŸ’ˆ,2024-12-13 16:46:35+00:00,19375,258,0,Dec,2024
Bazen kaldÄ±rmak zorunda kalÄ±rsÄ±n ğŸ˜³ğŸ’ˆ,2024-12-11 15:45:33+00:00,81849,1175,0,Dec,2024
Bazen gÃ¶zler anlatÄ±r ğŸ˜³ğŸ’ˆ,2024-12-10 15:21:34+00:00,8314,283,0,Dec,2024
Bazen pozisyon Ã¶nemli ğŸ˜³ğŸ’ˆ,2024-12-05 15:27:16+00:00,11703,278,0,Dec,2024
Bazen zorunda bÄ±rakÄ±rsÄ±n ğŸ˜³ğŸ’ˆ,2024-12-03 17:32:03+00:00,6548,241,0,Dec,2024
Bazen yakalanÄ±rsÄ±n ğŸ˜³ğŸ’ˆ,2024-11-30 18:51:00+00:00,7304,179,0,Nov,2024
BU GÃ–RÃœNTÃœDEN BU HALE NASIL GELDÄ°? GÃ–ZLERÄ°NÄ°ZE Ä°NANAMICAKSINIZ!!,2024-11-22 14:36:59+00:00,12242,329,0,Nov,2024
Bazen sÄ±kÄ±ÅŸÄ±rsÄ±n ğŸ˜³ğŸ’ˆ,2024-11-18 19:49:20+00:00,5563,169,0,Nov,2024
Bazen yanlÄ±ÅŸ oturursun vol2 ğŸ˜³ğŸ’ˆ,2024-11-17 11:55:42+00:00,14191,384,0,Nov,2024
"BOYACI GÄ°BÄ° OTURDU, OYUNCU GÄ°BÄ° KALKTI!! ÅÄ°MDÄ° NETFLÄ°X DÃœÅÃœNSÃœN !?",2024-11-16 11:00:53+00:00,12033,335,0,Nov,2024
Bazen tekrar yaparsÄ±n,2024-11-10 08:58:41+00:00,60784983,723949,0,Nov,2024
Bazen tazelersin @Marulkafaa ğŸ¤© #marulkafa #teambarberstown #barberstowntv #barberstown,2024-11-07 13:29:16+00:00,17241,594,0,Nov,2024
BU ADAMIN HAYATINI DEÄÄ°ÅTÄ°REN SAÃ‡ VE SAKAL KESÄ°MÄ°! Ä°NANILMAZ Ã–NCESÄ° VE SONRASI,2024-11-06 16:09:02+00:00,12347,329,0,Nov,2024
Bazen kendini gÃ¶rÃ¼rsÃ¼nğŸ˜³ğŸ’ˆ,2024-11-02 14:32:20+00:00,13338,602,0,Nov,2024
Bazen saÃ§lar anlatÄ±rğŸ˜³ğŸ’ˆ,2024-10-19 16:40:02+00:00,18478,545,0,Oct,2024
Bazen soluk bir geÃ§iÅŸ ğŸ˜³ğŸ’ˆ,2024-10-17 11:03:51+00:00,24788,744,0,Oct,2024
Ã‡ATIDA YAÅAYAN ADAMI ZÄ°YARET AKILLARA ZARAR BÄ°R DEÄÄ°ÅÄ°M!!?,2024-10-09 15:01:03+00:00,8869,304,0,Oct,2024
Bazen yanlarÄ± al Ã¼stler daÄŸÄ±nÄ±k kalsÄ±nğŸ˜³ğŸ’ˆ,2024-10-07 20:32:38+00:00,12202,377,0,Oct,2024
Bazen her saÃ§ modeli yakÄ±ÅŸÄ±r ğŸ˜³ğŸ’ˆ,2024-10-02 15:30:50+00:00,17156,550,0,Oct,2024
Bazen 3 tÄ±raÅŸ yersinğŸ˜³ğŸ’ˆ,2024-09-17 17:14:43+00:00,11778,302,0,Sep,2024
50 YAÅINA UYGUN SAÃ‡ SAKAL MODELÄ° (Hair and Beard Styles Suitable for Age 50),2024-08-27 16:16:37+00:00,8916,248,0,Aug,2024
SAÃ‡ BÄ°R ERKEÄÄ°N ELBÄ°SESÄ° OLDUÄUNU GÃ–STEREN BÄ°R DEÄÄ°ÅÄ°M!!?,2024-07-18 14:43:28+00:00,7633,203,0,Jul,2024
Bazen kremin etkisini anlayamazsÄ±nğŸ˜³ğŸ’ˆ,2024-07-11 16:07:05+00:00,20352,450,0,Jul,2024
Bazen hÄ±zlÄ± Ã§Ã¶zÃ¼m bulursunğŸ˜³ğŸ’ˆ,2024-06-19 15:06:56+00:00,24861,685,0,Jun,2024
Bazen Ã¶zgÃ¼ven patlamasÄ± yaÅŸarsÄ±n ğŸ˜³ğŸ’ˆ,2024-06-13 14:54:29+00:00,28456,901,0,Jun,2024
Bazen durduramazsÄ±n ğŸ˜³ğŸ’ˆ,2024-06-09 15:08:55+00:00,27496,659,0,Jun,2024
Bazen boÅŸluÄŸuna gelirğŸ˜³ğŸ’ˆ,2024-06-08 14:06:14+00:00,90553,1284,0,Jun,2024
Bazen olmamasÄ± gereken olurğŸ˜³ğŸ’ˆ,2024-06-07 15:01:15+00:00,36725,673,0,Jun,2024
Bazen istersin ğŸ˜³ğŸ’ˆ,2024-06-06 16:44:23+00:00,28630,524,0,Jun,2024
Bazen baÄŸÄ±rÄ±rsÄ±nğŸ˜³ğŸ’ˆ,2024-06-03 18:26:41+00:00,23948,519,0,Jun,2024
Bazen yanlÄ±ÅŸ pozisyonğŸ˜³ğŸ’ˆ,2024-06-02 20:03:15+00:00,90293,1369,0,Jun,2024
Bazen kÃ¼l olursunğŸ˜³ğŸ’ˆ,2024-05-29 14:46:48+00:00,21490,516,0,May,2024
Bazen hiÃ§ deÄŸiÅŸmezsinğŸ˜³ğŸ’ˆ,2024-05-25 17:11:44+00:00,11595,341,0,May,2024
Bazen saÃ§larÄ±n senden vazgeÃ§er ğŸ˜³ğŸ’ˆ,2024-05-23 19:12:00+00:00,24959,733,0,May,2024
Bazen yakarsÄ±n ğŸ˜³ğŸ’ˆ,2024-05-21 18:38:06+00:00,34495,532,0,May,2024
Bazen usturanÄ±n sessizliÄŸi ğŸ˜³ğŸ’ˆ,2024-05-20 16:56:27+00:00,18511,466,0,May,2024
Bazen Ä±slanÄ±rsÄ±n ğŸ˜³ğŸ’ˆ,2024-05-15 16:00:11+00:00,26791,483,0,May,2024
15 YAÅINDAKÄ° Ã‡OCUÄUN YAPTIÄI MUHTEÅEM DEÄÄ°ÅÄ°M!!?,2024-05-10 15:00:09+00:00,20034,418,0,May,2024
Bazen kaÅŸÄ±n yarÄ±sÄ± gider ğŸ˜³ğŸ’ˆ,2024-05-04 16:08:59+00:00,60707,571,0,May,2024
Bazen parlatÄ±rsÄ±n ğŸ˜³ğŸ’ˆ,2024-05-03 18:31:39+00:00,27184,900,0,May,2024
Bazen istemsiz eÅŸlik edersinğŸ˜³ğŸ’ˆ,2024-05-02 15:28:15+00:00,27977,576,0,May,2024
Bazen yeni starlar Ã§Ä±kartÄ±rsÄ±n ortayağŸ˜³ğŸ’ˆ,2024-05-01 11:40:19+00:00,17550,529,0,May,2024
Bazen eve erken gÃ¶nderirsin ğŸ˜³ğŸ’ˆ,2024-04-06 15:13:33+00:00,16243,529,0,Apr,2024
Bazen beklediÄŸim performans ğŸ˜³ğŸ’ˆ,2024-03-30 18:02:40+00:00,32444,663,0,Mar,2024
Bazen golden time ğŸ˜³ğŸ’ˆ,2024-03-28 14:46:09+00:00,15426,479,0,Mar,2024
Bazen saÃ§ sakal tÄ±raÅŸ hizmeti alÄ±rsÄ±nğŸ˜³ğŸ’ˆ,2024-03-18 16:55:50+00:00,15728,455,0,Mar,2024
Bazen benzetirsin ğŸ˜³ğŸ’ˆ,2024-03-07 15:03:36+00:00,23523,706,0,Mar,2024
Bazen bir tebessÃ¼m yeterğŸ˜³ğŸ’ˆ,2024-02-29 10:25:20+00:00,17011,833,0,Feb,2024
EN DEÄERLÄ° VE EN GÃœZEL TIRAÅ!!? (YÃœZÃœNDEKÄ° GÃœLÃœMSEME YETER) / THE MOST SPECÄ°AL HAÄ°R CUT,2024-02-16 14:00:40+00:00,17081,511,0,Feb,2024
Bazen yamuk makasla dÃ¼z kesersinğŸ˜³ğŸ’ˆ,2024-02-12 15:59:01+00:00,26629,792,0,Feb,2024
YAMUK MAKASLA DÃœZ SAÃ‡ NASIL KESÄ°LÄ°R!!? HOW TO CUT WITH BROKEN SCISSORS ASMR BARBERğŸ’ˆ,2024-02-10 15:08:58+00:00,11214,252,0,Feb,2024
Bazen yaÅŸa deÄŸil baÅŸa bakarsÄ±nğŸ˜³ğŸ’ˆ,2024-02-06 14:36:31+00:00,26581,842,0,Feb,2024
Bazen Ã§ay istersin ğŸ˜³ğŸ’ˆ,2024-01-26 15:42:43+00:00,33244,704,0,Jan,2024
Bazen uyursunğŸ˜³ğŸ’ˆ,2024-01-17 14:31:34+00:00,30611,558,0,Jan,2024
OYUN OYNAMAKTAN SAÃ‡INA BAÅINA DÄ°KKAT ETMEYEN Ã‡OCUÄUN DEÄÄ°ÅÄ°MÄ°!!?,2024-01-14 11:00:32+00:00,15883,379,0,Jan,2024
Bazen ansÄ±zÄ±n gelirğŸ˜³ğŸ’ˆ,2024-01-12 19:02:01+00:00,30971,688,0,Jan,2024
Bazen gÃ¶zÃ¼nde canlanÄ±r ğŸ˜³ğŸ’ˆ @Marulkafaa ğŸ¤©,2024-01-09 16:04:46+00:00,105625,1632,0,Jan,2024
Bazen usturanÄ±n ciddiyetiğŸ˜³ğŸ’ˆ,2024-01-02 15:01:14+00:00,29601,778,0,Jan,2024
Bazen dayanamazsÄ±n ğŸ˜³ğŸ’ˆ,2023-12-26 17:36:28+00:00,35012,629,0,Dec,2023
ASMRğŸ’ˆ 2024 ÃœN EN TREND EN KOLAY SAÃ‡ MODELÄ° MULLET,2023-12-24 14:00:43+00:00,18655,413,0,Dec,2023
Bazen vazgeÃ§emezsin ğŸ˜³ğŸ’ˆ,2023-12-21 12:01:12+00:00,18019,541,0,Dec,2023
Bazen dÃ¼ÅŸÃ¼rÃ¼rsÃ¼n ğŸ˜³ğŸ’ˆ,2023-12-16 15:23:44+00:00,46971,844,0,Dec,2023
Bazen Ã§Ä±kamazsÄ±n ğŸ˜³ğŸ’ˆ,2023-12-06 14:59:54+00:00,59243,1215,0,Dec,2023
Bazen oturmayÄ± Ã¶ÄŸrenirsin ğŸ˜³ğŸ’ˆ,2023-12-01 14:37:12+00:00,57866144,537498,0,Dec,2023
Bazen alev atarsÄ±nğŸ˜³ğŸ’ˆ,2023-11-26 17:24:48+00:00,76464,1160,0,Nov,2023
Bazen mÃ¼ÅŸterinin istediÄŸi olurğŸ˜³ğŸ’ˆ,2023-11-20 17:48:24+00:00,71419,1553,0,Nov,2023
BU DEÄÄ°ÅÄ°M SAYESÄ°NDE KAYBETTÄ°ÄÄ° GENÃ‡LÄ°ÄÄ°NÄ° GERÄ° KAZANDI!!? & HE GAIN AGAIN HIS YOUTH THAT HE LOST,2023-11-17 15:00:37+00:00,806958,6680,0,Nov,2023
Bazen Ã§aÄŸ atlarsÄ±nğŸ˜³ğŸ’ˆ,2023-10-30 20:12:11+00:00,60548,1773,0,Oct,2023
Bazen kaymak gibi kesersinğŸ˜³ğŸ’ˆ,2023-10-26 16:13:08+00:00,71936,2041,0,Oct,2023
Bazen sende manikÃ¼r yaptÄ±rÄ±rsÄ±n ğŸ˜³ğŸ’ˆ,2023-10-23 16:15:31+00:00,39986,1190,0,Oct,2023
Bazen olamazsÄ±n ğŸ˜³ğŸ’ˆ,2023-10-16 15:06:12+00:00,178658,3539,0,Oct,2023
Bazen gÃ¶stermeden duramazsÄ±n ğŸ˜³ğŸ’ˆ,2023-10-10 14:36:10+00:00,83073,1459,0,Oct,2023
DEPRESYONA GÄ°RMÄ°Å ADAM SAÃ‡ MODELÄ°!!?,2023-10-07 14:13:27+00:00,19118,334,0,Oct,2023
Bazen uÃ§larÄ±ndan aldÄ±rmak istersin ğŸ˜³ğŸ’ˆ,2023-09-29 15:32:05+00:00,66504,1577,0,Sep,2023
Bazen kim kesti bu saÃ§Ä± ğŸ˜³ğŸ’ˆ,2023-09-14 17:48:44+00:00,102991,2433,0,Sep,2023
Bazen kazÄ±dÄ±k makaslarla ğŸ˜³ğŸ’ˆ @YouTube ğŸ¤© 1m ğŸ™ğŸ»,2023-09-11 18:10:17+00:00,97361,2876,0,Sep,2023
Bazen saÃ§larla konuÅŸursun ğŸ˜³ğŸ’ˆ,2023-08-23 14:06:57+00:00,92749,2197,0,Aug,2023
Bazen maksimum doÄŸum gÃ¼nÃ¼ sÃ¼prizi ğŸ˜³ğŸ¥³ğŸ’ˆ en gÃ¼zel hediye @YouTube  1m plaketi ğŸ¤© teÅŸekkÃ¼rlerğŸ«¶ğŸ»,2023-08-21 17:39:17+00:00,117416527,879259,0,Aug,2023
Bazen eski haline dÃ¶nmek istemezsin ğŸ˜³ğŸ’ˆ,2023-08-17 18:38:38+00:00,159582,4169,0,Aug,2023
Bazen uyarman gerek ğŸ˜³ğŸ’ˆ,2023-08-16 16:09:55+00:00,71508,2705,0,Aug,2023
Bazen yanlÄ±ÅŸ baÄŸlarsÄ±n ğŸ˜³ğŸ’ˆ,2023-08-14 16:07:41+00:00,25432476,314860,0,Aug,2023
POPÃ‡U BERKAY GÄ°BÄ° GELDÄ° TOPÃ‡U BERKAY GÄ°BÄ° GÄ°TTÄ°!!?,2023-08-09 17:00:23+00:00,21535,467,0,Aug,2023
Bazen model renk aynÄ±sÄ±nÄ± istersin ğŸ˜³ğŸ’ˆ,2023-08-04 17:22:12+00:00,144122,3748,0,Aug,2023
Bazen aradÄ±ÄŸÄ±nÄ± bulursun ğŸ˜³ğŸ’ˆ,2023-08-03 18:55:41+00:00,74184,2053,0,Aug,2023
Bazen #antalyaspor ğŸ¤©,2023-08-01 18:15:37+00:00,57417,1625,0,Aug,2023
Bazen denemeye deÄŸerğŸ˜³ğŸ’ˆ,2023-07-30 15:59:40+00:00,96921,3192,0,Jul,2023
Bazen Ã¶zel damat tÄ±raÅŸÄ± ğŸ˜³ğŸ’ˆ,2023-07-14 15:13:04+00:00,93004,2881,0,Jul,2023
Bazen 1m plaketini beklersin ğŸ˜³ğŸ’ˆ,2023-07-05 14:21:27+00:00,50868,1798,0,Jul,2023
Bazen yanan sen olursun ğŸ˜³ğŸ’ˆ,2023-07-04 15:26:56+00:00,92093,1671,0,Jul,2023
Bazen bunlar var ğŸ˜³ğŸ’ˆ,2023-06-29 09:04:46+00:00,98148,2535,0,Jun,2023
Bazen 3 e vurmak zorunda kalÄ±rsÄ±n ğŸ˜³ğŸ’ˆ,2023-06-27 18:34:40+00:00,132187,2943,0,Jun,2023
Bazen keser bakarsÄ±n ğŸ˜³ğŸ’ˆ,2023-06-23 17:20:53+00:00,72991,2006,0,Jun,2023
BUNA GERÃ‡EKTEN Ä°HTÄ°YACI VARMIÅ! RESMEN EVRÄ°M GEÃ‡Ä°RDÄ°!ğŸ˜¯ | ASMR BARBER,2023-06-19 16:20:32+00:00,258351,2476,0,Jun,2023
Bazen aÃ§maman gerekir ğŸ˜³ğŸ’ˆ,2023-06-17 18:27:07+00:00,85974,1848,0,Jun,2023
Bazen benzeteceÄŸin kiÅŸi bellidir ğŸ˜³ğŸ’ˆ,2023-06-13 15:08:37+00:00,564123,14125,0,Jun,2023
Bazen yanlÄ±ÅŸ yÄ±katÄ±rsÄ±n ğŸ˜³ğŸ’ˆ,2023-06-03 17:47:23+00:00,16361513,238458,0,Jun,2023
Bazen beÄŸenmek zorundasÄ±ndÄ±r ğŸ˜³ğŸ’ˆ,2023-06-02 14:43:47+00:00,138967,5390,0,Jun,2023
Bazen emeÄŸinin karÅŸÄ±lÄ±ÄŸÄ±nÄ± alÄ±rsÄ±n ğŸ˜³ğŸ’ˆ,2023-05-29 16:25:34+00:00,134148,4786,0,May,2023
Bazen yanlÄ±ÅŸ oturursun ğŸ˜³ğŸ’ˆ,2023-05-22 22:24:43+00:00,507570332,6850741,0,May,2023
Bazen duruÅŸ Ã¶nemli ğŸ˜³ğŸ’ˆ,2023-05-18 16:54:52+00:00,639250,10561,0,May,2023
Bazen rahatlarsÄ±n ğŸ˜³ğŸ’ˆ,2023-05-17 13:56:31+00:00,144865,5296,0,May,2023
Bazen yargÄ±lamadan Ã¶nce dÃ¼ÅŸÃ¼n ğŸ˜³ğŸ’ˆ,2023-05-15 17:38:54+00:00,3443350,65060,0,May,2023
SAÃ‡ DÃ–KÃœLMELERÄ°NE KARÅI SAÃ‡LARINI KAZITTI!!? /ASMR BARBER/,2023-05-13 19:37:37+00:00,42717,655,0,May,2023
Bazen hayal edersin ğŸ˜³ğŸ’ˆ,2023-05-11 14:45:13+00:00,103600,2477,0,May,2023
Bazen zamanÄ±n nasÄ±l geÃ§tiÄŸini anlamazsÄ±n ğŸ˜³ğŸ’ˆ,2023-05-03 18:29:48+00:00,105454,3120,0,May,2023
Bazen bir araya getirirsin ğŸ˜³ğŸ’ˆ,2023-05-02 23:17:13+00:00,86589,2834,0,May,2023
DÃœÄÃœN Ä°Ã‡Ä°N 7 YILLIK SAÃ‡LARINA VEDA ETTÄ°!!? & HE HAS CUT HÄ°M 7 YEARS HAÄ°R BECAUSE OF WEDDÄ°NG,2023-04-24 20:00:38+00:00,67653,1158,0,Apr,2023
Bazen aklÄ±na o gelir ğŸ˜³ğŸ’ˆ,2023-04-12 21:33:27+00:00,103658,2465,0,Apr,2023
Bazen yÄ±karlar ğŸ˜³ğŸ’ˆ,2023-03-24 18:18:31+00:00,126960,2708,0,Mar,2023
DÃœZ VE UZUN SAÃ‡LARI KESÄ°NCE ORTAYA BONUS Ã‡IKTI!!?,2023-03-18 09:00:22+00:00,26518,600,0,Mar,2023
AYNAYA BAKMAYA BAKMAYA KORKAR HALDEYDÄ°!!?,2023-03-12 09:00:19+00:00,32646,755,0,Mar,2023
Bazen 6 yÄ±llÄ±k saÃ§larÄ± icardi modeline feda etti ğŸ˜³ğŸ’ˆ,2023-03-07 19:57:43+00:00,109520,2524,0,Mar,2023
SOKAKTA YAÅAYAN ADAM ÅÄ°MDÄ° HOLLYWOOD'A ADIM ATIYOR!!?,2023-03-02 15:30:09+00:00,936192,11921,0,Mar,2023
Bazen ğŸ”¥ğŸ‘‚,2023-02-27 17:03:00+00:00,130341,2803,0,Feb,2023
Bazen ğŸ‘ğŸ»ğŸ˜³ğŸ’ˆ,2023-02-22 15:30:31+00:00,185071,8137,0,Feb,2023
MAKASLA SAKAL KESTÄ°RMEK Ä°Ã‡Ä°N DUBAÄ°'DEN GELDÄ°!!? & COME FROM DUBAI TO CUT A BEARD WITH SCISSORS,2023-02-20 18:27:08+00:00,58867,996,0,Feb,2023
6 YILLIK SAÃ‡LARI Ä°CARDÄ° MODELÄ°NE FEDA ETTÄ°!!? & HE GAVE UP 6 YEARS HAIR FOR ICARDI'S STYLE,2023-02-05 09:00:11+00:00,54669,1072,0,Feb,2023
Bazen aÅŸkÄ±n olayÄ±m ğŸ˜³ğŸ’ˆ #icardi ğŸ¤©,2023-02-04 09:31:10+00:00,352328,6724,0,Feb,2023
Bazen yapamazsÄ±n derler ğŸ˜³ğŸ’ˆ,2023-02-02 18:31:05+00:00,101572,3758,0,Feb,2023
Bazen special ğŸ˜³ğŸ’ˆ,2023-01-30 20:23:00+00:00,128685,5348,0,Jan,2023
Bazen havalÄ± girersin ğŸ˜³ğŸ’ˆ,2023-01-26 17:17:42+00:00,165582,5870,0,Jan,2023
Bazen yanlÄ±ÅŸ anlarsÄ±n ğŸ˜³ğŸ’ˆ,2023-01-25 14:22:52+00:00,118548,4203,0,Jan,2023
Bazen gÃ¶zlerini kaÃ§Ä±ramazsÄ±n ğŸ˜³ğŸ’ˆ,2023-01-24 15:00:16+00:00,153877,3166,0,Jan,2023
Bazen uÃ§larÄ±ndan alÄ±rsÄ±n ğŸ˜³ğŸ’ˆ,2023-01-21 14:27:50+00:00,102176,1924,0,Jan,2023
Bazen kÄ±yarsÄ±n ğŸ˜³ğŸ’ˆ,2022-12-26 19:01:54+00:00,170244,4621,0,Dec,2022
Bazen yeni ÅŸubede ilk tÄ±raÅŸÄ± sen olursun ğŸ˜³ğŸ’ˆ,2022-12-22 14:25:10+00:00,113636,4354,0,Dec,2022
Bazen yÃ¼rÃ¼meye devam edersin ğŸ˜³ğŸ’ˆ,2022-12-16 16:39:45+00:00,95531,3185,0,Dec,2022
Bazen yola Ã§Ä±karsÄ±n ğŸ˜³ğŸ’ˆ,2022-12-13 15:10:56+00:00,98250,3644,0,Dec,2022
Bazen 61ğŸ˜³ğŸ’ˆ,2022-12-07 16:44:59+00:00,8539112,226203,0,Dec,2022
Bazen sinirleriyle oynarsÄ±n ğŸ˜³ğŸ’ˆ,2022-11-30 11:35:17+00:00,89316,2439,0,Nov,2022
Bazen kendine bir yol Ã§izersin ğŸ˜³ğŸ’ˆ,2022-11-29 12:38:57+00:00,94037,1707,0,Nov,2022
Bazen kendini tutamazsÄ±n ğŸ˜³ğŸ’ˆ,2022-11-28 13:55:32+00:00,92590,2557,0,Nov,2022
KURT ADAMA DÃ–NÃœÅMEK ÃœZEREYKEN Ä°NSANA Ã‡EVÄ°RDÄ°K!!?,2022-11-20 09:00:32+00:00,28996,598,0,Nov,2022
Bazen ters kÃ¶ÅŸe ğŸ˜³ğŸ’ˆ,2022-11-19 15:49:01+00:00,71543,2320,0,Nov,2022
Bazen emek ister ğŸ˜³ğŸ’ˆ,2022-11-18 20:31:10+00:00,84496,2502,0,Nov,2022
Bazen icardiiii ğŸ˜³ğŸ’ˆ,2022-11-17 15:37:52+00:00,60571,1324,0,Nov,2022
"Ä°CARDÄ°NÄ°N HAYRANIYIM DEDÄ° ONU Ä°CARDÄ° YAPTIK! & HE WAS A ICARDI'S FAN, WE TURNED HIM ICARDI'S HIMSELF",2022-11-16 14:59:56+00:00,32997,562,0,Nov,2022
Bazen gÃ¼zel olaylara doÄŸru yÃ¼rÃ¼rsÃ¼n ğŸ˜³ğŸ’ˆ,2022-11-15 13:59:36+00:00,68616,2809,0,Nov,2022
Bazen sonrasÄ± ğŸ˜³ğŸ’ˆ,2022-11-14 15:44:13+00:00,40384,1458,0,Nov,2022
Bazen tek derdin saÃ§ kestirmek olur ğŸ˜³ğŸ’ˆ,2022-11-12 15:48:37+00:00,129964,5580,0,Nov,2022
KALEM SATAN GENÃ‡ HAZÄ°NE BULDU !? & YOUNG PEOPLE SELLING PENS FOUND TREASURE !,2022-11-11 15:30:11+00:00,20216,514,0,Nov,2022
Bazen doÄŸrular da yanÄ±ltÄ±r ğŸ˜³ğŸ’ˆ,2022-11-11 14:05:17+00:00,96941,1636,0,Nov,2022
Bazen deÄŸiÅŸim cesaret ister ğŸ˜³ğŸ’ˆ,2022-11-04 12:17:30+00:00,95601,2610,0,Nov,2022
Bazen bÃ¼tÃ¼n tuÅŸlara basarsÄ±n ğŸ˜³ğŸ’ˆ,2022-11-02 15:23:32+00:00,63034,1488,0,Nov,2022
SAÃ‡ SAKAL ESTETÄ°ÄÄ° YAPTIK!!? & WE DID HIM HAIR AND BEARD PLASTIC SURGERY,2022-10-28 16:52:20+00:00,24625,606,0,Oct,2022
Bazen boyunda bÃ¼yÃ¼k kararlar alÄ±rsÄ±n ğŸ˜³ğŸ’ˆ,2022-10-26 16:38:31+00:00,82727,3294,0,Oct,2022
HAMÄ°LE KARISINI KIRMADI VE SAÃ‡LARA VEDA ETTÄ°!!? & HE LISTEN TO HIS WIFE AND SAID GOODBYE TO HIS HAIR,2022-10-22 21:00:09+00:00,28299,621,0,Oct,2022
Bazen gÃ¶zler anlatÄ±r ğŸ˜³ğŸ’ˆ,2022-10-21 15:30:02+00:00,64882,2832,0,Oct,2022
"BU TIRAÅI YAPAN KÃ–R , YAPTIRAN DA AÅIK OLDU!!?",2022-10-18 15:24:32+00:00,13429,356,0,Oct,2022
Bazen gerÃ§ek olduÄŸuna inanamazsÄ±n ğŸ˜³ğŸ’ˆ,2022-10-16 12:47:46+00:00,41751,1323,0,Oct,2022
ADAMIN KAFAYA UZAYLI Ä°NDÄ°RDÄ°K!? & WE LANDED ON HIS HAD A ALIEN ?!,2022-10-12 15:00:12+00:00,13266,318,0,Oct,2022
Bazen takÄ±lÄ±r kalÄ±rsÄ±n ğŸ˜³ğŸ’ˆ,2022-10-11 12:26:26+00:00,65862,1925,0,Oct,2022
Bazen manzaraya karÅŸÄ± ğŸ˜³ğŸ’ˆ,2022-10-10 16:22:33+00:00,16355684,740188,0,Oct,2022
Bazen Ã§eker bÄ±rakÄ±rsÄ±n ğŸ˜³ğŸ’ˆ,2022-10-08 10:10:51+00:00,39625,1145,0,Oct,2022
BU SAÃ‡ MODELÄ°NÄ° FÃ–N Ã‡EKMEDEN KULLANAMAZSIN!! & WÄ°THOUT BLOW DRÄ°YÄ°NG YOU CAN'T USE THÄ°S HAÄ°RSTYLE,2022-10-05 14:09:34+00:00,16111,456,0,Oct,2022
KENDÄ°NÄ° SALMIÅ BÄ°R Ã‡OCUÄA NEFES ALDIRDIK!!? & WE GET RID OF HIS MESSY LOOK!!,2022-10-02 09:00:06+00:00,15902,462,0,Oct,2022
Bazen yÃ¶n verirsin ğŸ˜³ğŸ’ˆ,2022-09-30 09:13:35+00:00,98306,3891,0,Sep,2022
Ã–LÃ‡TÃœK BÄ°Ã‡TÄ°K EN Ã‡ILGIN MODELÄ° TASARLADIK!! & WE DO IT CRAZIEST MODEL EVER,2022-09-28 16:07:44+00:00,121549,1550,0,Sep,2022
Bazen saÃ§Ä±n altÄ±ndan ÅŸeytan Ã§Ä±kar ğŸ˜³ğŸ’ˆ,2022-09-27 19:37:05+00:00,70989,2883,0,Sep,2022
Bazen kurtarÄ±rsÄ±n ğŸ˜³ğŸ’ˆ,2022-09-26 19:50:28+00:00,328408,8893,0,Sep,2022
EVSÄ°Z AMCANIN Ã‡ATIDA TIRAÅI!!? (HAYALDÄ° GERÃ‡EK OLDU) & WE GAVE HOMELESS A HAIRCUT ON ROOFTOP,2022-09-25 09:00:03+00:00,108944,2182,0,Sep,2022
Bazen ÅŸaÅŸÄ±rÄ±rsÄ±n ğŸ˜³ğŸ’ˆ,2022-09-24 20:00:27+00:00,64099,1509,0,Sep,2022
Bazen babayÄ± genÃ§liÄŸine gÃ¶tÃ¼rÃ¼rsÃ¼n ğŸ˜³ğŸ’ˆ,2022-09-23 17:46:21+00:00,672747,16750,0,Sep,2022
BEKLENMEDÄ°K BÄ°R ANDA SAÃ‡INI KESTÄ°RME KARARI ALDI!!? (UZUN SAÃ‡IN Ã–MRÃœ KISA SÃœRDÃœ),2022-09-22 15:12:18+00:00,25196,667,0,Sep,2022
Bazen aradÄ±ÄŸÄ±n boyayÄ± bulursun ğŸ˜³ğŸ’ˆ,2022-09-20 17:10:34+00:00,54817,3282,0,Sep,2022
SAÃ‡ININ ALTINDAN ÅEYTAN Ã‡IKTI!!? & HE HIDING A DEVIL UNDER HIS HAIR!,2022-09-18 09:00:24+00:00,17120,524,0,Sep,2022
40 YILDIR BERBERÄ°M BÃ–YLE BÄ°R DEÄÄ°ÅÄ°M GÃ–RMEDÄ°M!?! & I HAVEN'T SEEN SUCH A CHANGE Ä°N 40 YEARS!!,2022-09-14 14:00:07+00:00,55828,1152,0,Sep,2022
"BU SAÃ‡ BABAMI GENÃ‡LÄ°ÄÄ°NE GÃ–TÃœRDÃœ!!? (80LER, 90LAR) & THIS HAIRCUT TURN BACK OUR FATHER THE HIS YOUTH",2022-09-11 09:00:08+00:00,40090,874,0,Sep,2022
Bazen denersin ğŸ˜³ğŸ’ˆ,2022-09-09 18:44:55+00:00,60253,2193,0,Sep,2022
EKÄ°BÄ°MDEN EN GENÃ‡ KALFAYA TIRAÅ OLDUM!!? (DAHA 16 YAÅINDAA!!) & HE IS ONLY 16 YEARS OLD BARBER !!?,2022-09-07 15:27:01+00:00,114451,2069,0,Sep,2022
BAZEN AÃ‡IM DAYIYI BULURSUN ğŸ˜³ğŸ’ˆ,2022-09-02 16:12:29+00:00,186521,7282,0,Sep,2022
KADINLARIN BAYILDIÄI SAÃ‡ RENGÄ°NÄ° YAPTIK!! | WOMEN'S FAVORITE HAIR COLOR ON MEN !,2022-08-28 09:00:16+00:00,15176,529,0,Aug,2022
KAFASI Ã‡OK KARIÅIKTI ARTIK DÃœM DÃœZ!! | CURLY HAIR? NO PROBLEM!,2022-08-24 15:00:08+00:00,13630,443,0,Aug,2022
"ZATEN YAKIÅIKLIYDI DAHA YAKIÅIKLI OLDU!!? & HE WAS ALREADY HANDSOME, BECOME MORE HANDSOME / ASMRğŸ’ˆ",2022-08-21 11:06:34+00:00,18761,557,0,Aug,2022
Bazen sulu ÅŸaka yaparsÄ±n ğŸ˜³ğŸ’ˆ,2022-08-20 14:26:05+00:00,72648,1756,0,Aug,2022
BAZEN GERGÄ°N ğŸ˜³ğŸ’ˆ,2022-08-18 15:15:23+00:00,61563,1292,0,Aug,2022
ASMRğŸ’ˆKOCA SAKAL TIRAÅA GELDÄ° ! | BIG BEARD IS HERE !,2022-08-17 15:03:48+00:00,41147,893,0,Aug,2022
AÃ‡IM DAYININ HÄ°KAYESÄ°NÄ° Ã–ÄRENDÄ°K!!? & WE HOST THE HOMELESS MAN AND GIVE HIM A GOOD DAY,2022-08-14 11:00:13+00:00,116131,2795,0,Aug,2022
MAÄARA ADAMINDAN CENTÄ°LMENE DÃ–NÃœÅÃœM ! | HOW TO CHANGE CAVEMAN TO GENTLEMAN ?,2022-08-10 15:00:21+00:00,23424,693,0,Aug,2022
Bazen yaÅŸamadan bilemezsin ğŸ˜³ğŸ’ˆ,2022-08-08 08:34:54+00:00,65513,1673,0,Aug,2022
ASMR ğŸ’ˆGELECEÄE YÃ–N VERECEK SAÃ‡ MODELÄ° (2049) | HAIRSTYLE THAT COME FROM THE FUTURE (2049),2022-08-07 09:00:29+00:00,36566,902,0,Aug,2022
Bazen OlmasÄ± Gereken YapÄ±lÄ±rğŸ˜³ğŸ’ˆ #teambarberstown #barberstowntv #barberstown,2022-08-05 17:19:20+00:00,61310,2386,0,Aug,2022
10 YILLIK SAÃ‡LARIN ALTINDAN NE Ã‡IKTI ? | WHAT IS HE HIDING HIS 10 YEARS OLD HAIRS?,2022-08-03 15:00:42+00:00,126860,1598,0,Aug,2022
ASMR ğŸ’ˆSAÃ‡ TIRAÅI BÄ°R Ä°NSANI NE KADAR DEÄÄ°ÅTÄ°REBÄ°LÄ°R ? (Ä°NANILMAZ DEÄÄ°ÅÄ°M) | AMAZING CHANGE !,2022-07-31 09:00:01+00:00,35699,752,0,Jul,2022
Bazen Before & After ğŸ˜³ğŸ’ˆ,2022-07-29 16:48:13+00:00,52553,1548,0,Jul,2022
ASMRğŸ’ˆUZUN SAÃ‡LARINI KESTÄ°REREK HAYATININ HATASINI MI YAPTI ? | DID HE CHOOSE THE RIGHT DECISION ?,2022-07-27 15:00:11+00:00,82234,1550,0,Jul,2022
Bazen sersemletir ğŸ˜³ğŸ’ˆ #teambarberstown #barberstowntv #barberstown,2022-07-23 15:55:27+00:00,60080,2644,0,Jul,2022
Bazen OYUN oynarsÄ±n ğŸ˜³ğŸ’ˆ,2022-07-16 17:36:26+00:00,72565,3436,0,Jul,2022
BÄ°RBÄ°RÄ°NE GÄ°RMÄ°Å SAÃ‡LARA NE MÄ° OLDU!!? & WHAT HAPPENED TO HIS HAÄ°R THAT WAS TANGLED LIKE THAT!!?,2022-07-10 09:00:21+00:00,119425,1733,0,Jul,2022
Bazen ya bi deÄŸiÅŸiklik olsun bÄ±ktÄ±k ya ğŸ˜³ğŸ’ˆ #teambarberstown #barberstowntv #barberstown ğŸ‘ˆğŸ»,2022-07-06 16:29:17+00:00,62522,2476,0,Jul,2022
ASMR BARBER ğŸ’ˆ10 YILLIK SAÃ‡LARINDAN VAZ MI GEÃ‡TÄ° ? | HAS HE GIVEN UP ON HIS 10 YEARS OLD HAIR ?,2022-07-03 09:00:12+00:00,99261,1998,0,Jul,2022
HÄ°NT PRENSÄ°NÄ°N Ä°NANILMAZ DEÄÄ°ÅÄ°MÄ° | THE AMAZING CHANGE OF THE RAJA OF INDIA,2022-06-29 15:00:13+00:00,28534,763,0,Jun,2022
Bazen uzatmaya gerek yok ğŸ˜³ğŸ’ˆ #teambarberstown #barberstown  #barberstowntv,2022-06-28 18:02:11+00:00,1857416,74970,0,Jun,2022
Ä°LK ALMAN Ä°MPARATORU 1.WÄ°LHELM TIRAÅI | FIRST GERMAN KAISER I.WILHELM SHAVE,2022-06-26 09:00:30+00:00,37778,813,0,Jun,2022
Bazen dublÃ¶r kullanÄ±rsÄ±nğŸ˜³ğŸ’ˆ #teambarberstown #barberstown #barberstowntv,2022-06-25 15:59:52+00:00,3674124,80600,0,Jun,2022
Bazen tam istediÄŸin gibi ğŸ˜³ğŸ’ˆ#teambarberstown #barberstown #barberstowntv,2022-06-24 15:25:18+00:00,105197,3758,0,Jun,2022
Bazen benzetirsin ğŸ˜³ğŸ’ˆ,2022-06-21 14:25:49+00:00,48100,2416,0,Jun,2022
Bazen geride bÄ±rakÄ±rsÄ±n ğŸ˜³ğŸ’ˆ,2022-06-18 17:10:42+00:00,50571,2422,0,Jun,2022
Bazen tÄ±raÅŸ uzun sÃ¼rerğŸ˜³ğŸ’ˆ,2022-06-17 14:25:15+00:00,64216,1455,0,Jun,2022
BÄ°R GÃœNDE HAYAT NASIL DEÄÄ°ÅÄ°R! & HOW CAN YOU CHANGE HOMELESS MAN'S LÄ°FE IN A ONE DAY?,2022-06-15 15:00:06+00:00,57123,1996,0,Jun,2022
Bazen tek atarsÄ±n ğŸ˜³ğŸ’ˆ,2022-06-13 18:05:53+00:00,27696934,520580,0,Jun,2022
KAFASINDAKÄ° YARA Ä°ZÄ°NDEN KRAL YOLU YAPTIK | WE TURNED HIS SCAR TO PERSIAN ROYAL ROAD,2022-06-12 10:01:53+00:00,20660,579,0,Jun,2022
Bazen dÃ¼nya boÅŸtur lo ğŸ˜³ğŸ’ˆ,2022-06-10 16:58:42+00:00,71138,1370,0,Jun,2022
Bazen bunu yaÅŸarsÄ±n ğŸ˜³ğŸ’ˆ,2022-06-09 18:27:31+00:00,63008,1653,0,Jun,2022
Bazen kalanlarda gider!ğŸ˜³ğŸ’ˆ,2022-06-07 14:36:08+00:00,93301,3396,0,Jun,2022
Bazen kÃ¼Ã§Ã¼ÄŸÃ¼ bÃ¼yÃ¼k kesersin ğŸ˜³ğŸ’ˆ,2022-06-03 14:55:07+00:00,78031,3340,0,Jun,2022
YÃœKSEK GEÃ‡Ä°Å TIRAÅI NASIL YAPILIR ğŸ’ˆ HOW TO DO A HIGH FADE,2022-06-01 15:00:03+00:00,29725,816,0,Jun,2022
Bazen beklediÄŸine deÄŸer ğŸ˜³ğŸ’ˆ,2022-05-31 14:20:50+00:00,94361,4167,0,May,2022
Bazen yaÅŸa deÄŸil icraata bakarsÄ±n ğŸ˜³ğŸ’ˆ,2022-05-26 17:11:24+00:00,79495,3399,0,May,2022
EVSÄ°Z Ä°KÄ° KARDEÅ YILLAR SONRA BÄ°R ARADA ! | TWO HOMELESS BROTHERS ARE TOGETHER AGAIN AFTER YEARS,2022-05-25 16:02:17+00:00,57913,1640,0,May,2022
Bazen Ã§ift Ã§izgi ğŸ˜³ğŸ’ˆ,2022-05-24 16:29:17+00:00,92692,2211,0,May,2022
DÃœNYANIN EN UZUN BIYIK TASARIMI!! & THE WORLD'S LONGEST MUSTACHE DESÄ°GN,2022-05-22 09:00:25+00:00,49628,951,0,May,2022
Bazen tercihin doÄŸru olur ğŸ˜³ğŸ’ˆ,2022-05-17 16:11:20+00:00,328285,10030,0,May,2022
Bazen gidemezsin ğŸ˜³ğŸ’ˆ,2022-05-15 15:28:28+00:00,136626,6768,0,May,2022
Bazen Spiderman ğŸ˜³ğŸ’ˆ,2022-05-14 12:40:33+00:00,70469,3892,0,May,2022
Bazen derdine derman olursunğŸ˜³ğŸ’ˆ,2022-05-11 18:06:53+00:00,100447,5445,0,May,2022
Bazen bunu yaÅŸarsÄ±n ğŸ¥ºğŸ’ˆ,2022-05-10 18:07:27+00:00,81400,3213,0,May,2022
Bazen havalÄ± ğŸ˜³ğŸ’ˆ,2022-05-09 14:27:31+00:00,79353,4033,0,May,2022
AÄDANIN KILLA Ä°MTÄ°HANI ! (ÅAÅIRTAN DEÄÄ°ÅÄ°M) | EVEN WAX DIDN'T HELP HIM ?! (AMAZING CHANGE),2022-05-08 09:00:04+00:00,147659,2551,0,May,2022
Bazen iÅŸler kesattÄ±r ğŸ˜³ğŸ’ˆ,2022-05-07 17:26:44+00:00,68983,2249,0,May,2022
Bazen gizem yÃ¼klersin ğŸ˜³ğŸ’ˆ,2022-05-05 15:44:57+00:00,95942,4017,0,May,2022
Bazen paylaÅŸmaya kÄ±yamazsÄ±n ğŸ˜³ğŸ’ˆ,2022-05-03 14:31:04+00:00,361353,22160,0,May,2022
SOKAK ADAMINA BAYRAM HEDÄ°YESÄ° (Ä°NANILMAZ DEÄÄ°ÅÄ°M) | HOLIDAY GIFT TO HOMELESS MAN (AMAZING CHANGE),2022-05-01 09:00:26+00:00,193302,4579,0,May,2022
Bazen uzundan kÄ±saya ğŸ˜³ğŸ’ˆ,2022-04-30 15:22:07+00:00,256279,18577,0,Apr,2022
Bazen karÄ±ÅŸtÄ±rÄ±rsÄ±n ğŸ˜³ğŸ’ˆ,2022-04-28 18:17:25+00:00,10165087,449430,0,Apr,2022
Ä°NGÄ°LÄ°Z GEZGÄ°NÄ°N BERBER MOLASI (BUNA Ä°HTÄ°YACI VARDI) | BRITISH TRAVELER'S BARBER BREAK (NEEDED THIS),2022-04-27 15:21:23+00:00,73612,1115,0,Apr,2022
SAÃ‡ RENGÄ°NE KENDÄ° BÄ°LE ÅAÅIRDI ! | EVEN HE WAS SURPRISED BY THE COLOR OF HAIR !,2022-04-24 09:00:24+00:00,45079,710,0,Apr,2022
ZENGÄ°N Ä°Å ADAMININ MUHTEÅEM DEÄÄ°ÅÄ°MÄ° | THE MAGNIFICENT CHANGE OF A BUSINESSMAN,2022-04-20 15:00:27+00:00,94759,1301,0,Apr,2022
Bazen boyanÄ±n doÄŸal durmasÄ±nÄ± istersinğŸ˜³ğŸ’ˆ,2022-04-18 16:26:25+00:00,169538,5803,0,Apr,2022
JÄ°LET GÄ°BÄ° SAÃ‡LARINI TARAK GÄ°REMEZ HALE GETÄ°RDÄ°K | HOW TO MAKE A PERM ?,2022-04-17 09:30:04+00:00,73606,1032,0,Apr,2022
Bazen deÄŸiÅŸiklik istersin ğŸ˜³ğŸ’ˆ,2022-04-14 15:46:28+00:00,23376849,1585268,0,Apr,2022
ğŸ’ˆASMR BARBERğŸ’ˆ | 30 YILLIK MAKASLA TRAÅ | WE SHAVED HIM 30 YEARS OLD SCISSORS,2022-04-13 15:45:01+00:00,57234,868,0,Apr,2022
Bazen baÄŸlarsÄ±n ğŸ˜³ğŸ’ˆ,2022-04-12 17:32:34+00:00,212192,11227,0,Apr,2022
ğŸ’ˆASMR ğŸ’ˆEVSÄ°Z ADAMIN MANKENLERÄ° ARATMAYAN DÃ–NÃœÅÃœMÃœ |  HOMELESS MAN BECAME A MODEL AFTER THE SHAVE,2022-04-10 09:00:11+00:00,77010,1463,0,Apr,2022
Bazen tek TÄ±raÅŸta 3 FarklÄ± Model Ã§Ä±kartÄ±rsÄ±n ğŸ˜³ğŸ’ˆ,2022-04-07 15:19:25+00:00,227840,10173,0,Apr,2022
KIRMIZI TARAÄIN MUCÄ°ZESÄ° ! | THE MIRACLE OF THE RED COMB !,2022-04-06 16:00:11+00:00,43446,889,0,Apr,2022
Bazen tÄ±raÅŸÄ± gÃ¶steren fÃ¶nÃ¼dÃ¼r ğŸ˜³ğŸ’ˆ,2022-04-04 22:31:48+00:00,153414,6617,0,Apr,2022
DÃœNYADAKÄ° EN KIVIRCIK SAÃ‡I DÃœMDÃœZ YAPTIK ! | THE BIGGEST CURLY HAIR ON THE WORLD !,2022-04-03 09:00:17+00:00,169270,2178,0,Apr,2022
Bazen ritime ayak uydurursun ğŸ˜³ğŸ’ˆ,2022-03-31 13:15:01+00:00,183778,5814,0,Mar,2022
BAZEN ESKÄ° SAÃ‡LARINI YENÄ°LERSÄ°N | WE RENEWED HIS HAIRS,2022-03-30 15:00:12+00:00,34697,839,0,Mar,2022
Bazen gerilirsin...ğŸ˜³ğŸ’ˆ,2022-03-29 17:14:32+00:00,2071000,26204,0,Mar,2022
Bazen gÃ¼ncellersin ğŸ˜³ğŸ’ˆ,2022-03-27 19:43:18+00:00,1629264,95432,0,Mar,2022
KAÄIT TOPLAYAN Ã‡OCUKLARIN Ä°NANILMAZ DEÄÄ°ÅÄ°MÄ° ! (Ã‡OK EÄLENDÄ°LER) | AMAZING CHANGE OF REFUGEE KIDS !,2022-03-25 15:00:00+00:00,222866,6194,0,Mar,2022
ASMR BARBER | Ã‡IÄIRINDAN Ã‡IKMIÅ SAÃ‡LARI KONTROL ALTINA ALDIK! | WE TAKE UNDER CONTROL HIS MESSY HAIR,2022-03-23 15:00:01+00:00,135194,2015,0,Mar,2022
Bazen platinâ€™e dÃ¼ÅŸersin ğŸ˜³ğŸ’ˆ,2022-03-21 10:49:51+00:00,5728350,303249,0,Mar,2022
"ASMR BARBERğŸ’ˆ | Ã‡EKÄ°RDEK AÄ°LE BABASIYDI, MAFYA BABASI OLDU | HE WAS A FAMILY MAN, BECOME A GODFATHER",2022-03-20 09:00:18+00:00,2563009,27179,0,Mar,2022
Bazen ne olduÄŸunu anlamazsÄ±n ğŸ˜³ğŸ’ˆ,2022-03-17 12:30:30+00:00,1178932,22609,0,Mar,2022
BERBER KENDÄ°NDEN UZUN SAKAL GÃ–RÃœNCE DAYANAMADI ! | BARBER CAN'T RESIST THE LONG BEARD FROM HIS OWN !,2022-03-16 15:02:45+00:00,47468,808,0,Mar,2022
PASLI KOYUN KIRKMA MAKASIYLA SAÃ‡ KESTÄ°K!! & WE SHAVED HAIR WITH RUSTY SHEARS FROM 1987 / ASMRğŸ’ˆ,2022-03-13 09:00:05+00:00,101206,1810,0,Mar,2022
Bazen Podolski gÃ¶zÃ¼yle bakarsÄ±n ğŸ’ˆğŸ˜ @poldi_official,2022-03-11 19:04:07+00:00,354238,8760,0,Mar,2022
ASMR BARBER | SAÃ‡LARIYLA Ä°LGÄ°LÄ° HÄ°Ã‡BÄ°R FÄ°KRÄ° YOKTU (SONUCUNA Ä°NANAMADI) ! | HE SHOCKED THE RESULT !,2022-03-09 15:08:04+00:00,285497,4136,0,Mar,2022
"ğŸ’ˆ FIRÃ‡A BIYIKLIYDI, KAYTAN BIYIKLI OLDU | HE HAD BRUSH MOUSTACHE, TURNS OUT IMPERIAL MOUSTACHE ğŸ’ˆ",2022-03-06 09:00:01+00:00,39809,771,0,Mar,2022
Bazen nostaljik kestirirsin ğŸ˜³ğŸ’ˆ,2022-03-04 15:44:57+00:00,543435,26367,0,Mar,2022
ASMR BARBER | SAKALI'NIN ALTINDAN MADEN Ã‡IKTI ! (Ä°NANILMAZ DEÄÄ°ÅÄ°M) | OLD MAN'S INCREDIBLE CHANGE !,2022-03-03 15:00:16+00:00,2536767,7363,0,Mar,2022
Bazen Ã§izdirirsin! ğŸ˜³ğŸ’ˆ,2022-03-03 06:44:21+00:00,191584,4904,0,Mar,2022
Bazen yanlardan al Ã¼stler kalsÄ±n..!ğŸ˜³ğŸ’ˆ,2022-02-28 15:50:19+00:00,18466863,835096,0,Feb,2022
Bazen ÅŸekil verirsin ğŸ˜³ğŸ’ˆ,2022-02-26 08:47:37+00:00,1983879,33156,0,Feb,2022
ASMR | BAKIMSIZ SAÃ‡ SAKAL TEMÄ°ZÄ°LÄ°ÄÄ° (YEÅÄ°LÃ‡AM ARTÄ°STÄ° GÄ°BÄ° OLDU) HE BECAME A MOVIE STAR,2022-02-25 15:03:00+00:00,317640,4685,0,Feb,2022
Ä°ÅŸitme Engelli KardeÅŸimize YoÄŸun BakÄ±m (YÃ¼zÃ¼nden Ã‡Ä±kanlara Ä°nanamayacaksÄ±nÄ±z) SKIN CARE FOR DEAF KID,2022-02-22 15:00:11+00:00,550919,6981,0,Feb,2022
Bazen FÃ¶n Ã‡ekme Derdin Kalmaz ğŸ˜‰ğŸ’ˆ,2022-02-19 14:25:38+00:00,37911107,1857637,0,Feb,2022
ASMR BARBER | DARMADAÄINDI TERTEMÄ°Z OLDU / HE HAD MESSY HAIR BEFORE THE SHAVE,2022-02-18 15:00:15+00:00,83160,1258,0,Feb,2022
Bazen saÃ§larÄ±n kÄ±vrÄ±lÄ±r!!?,2022-02-12 21:20:31+00:00,48035845,2463591,0,Feb,2022
CHANGE of SUICIDAL MAN'S COFFEE SHOP and HIMSELF!  -  Ä°NTÄ°HARIN EÅÄ°ÄÄ°NDEKÄ° ADAMIN DÃ–NÃœÅÃœMÃœ!,2022-02-09 20:00:17+00:00,28489,978,0,Feb,2022
Bazen eÄŸlenceli kesersin!!,2022-02-05 15:16:34+00:00,134843,6999,0,Feb,2022
Ã‡Ã–P KENARINDA EKMEK YÄ°YEN ADAMIN DÃ–NÃœÅÃœMÃœ & TRANSFORMATION OF THE MAN EATING BREAD BY THE WASTE SIDE,2022-01-26 14:00:33+00:00,1559735,27489,0,Jan,2022
BU Ã‡OCUK Ã‡ILDIRMIÅ!! KENDÄ° SAÃ‡I ÃœZERÄ°NDE HERÅEYÄ° DENEDÄ°? & HE TRIED EVERYTHING ON HIS HAIR,2022-01-15 18:03:36+00:00,41664,860,0,Jan,2022
SEYREK SAÃ‡LI DAYIMIZA SÄ°HÄ°RLÄ° BÄ°R DOKUNUÅ / RESMEN 20 YAÅ FARKETTÄ° & HAIR HAS INCREASED,2021-12-31 09:00:00+00:00,52452,1045,0,Dec,2021
SOKAKLARIN BABASINI NOEL BABA YAPTIK!!? /Ã‡ocuklar Ã‡ok ÅaÅŸÄ±rdÄ±! & WE MADE THE STREET MAN SANTA FATHER,2021-12-29 09:00:14+00:00,241078,4215,0,Dec,2021
HAYATINI Ã‡UVALA SIÄDIRAN ADAMIN BÃœYÃœK DEÄÄ°ÅÄ°MÄ°!!? (SAÃ‡LAR RESMEN KÃœF TUTMUÅ) & LIFE IN THE BAG,2021-12-20 09:00:13+00:00,6730092,84209,0,Dec,2021
"SOKAK Ã‡OCUÄU GÄ°BÄ° GELDÄ° FUTBOLCU GÄ°BÄ° GÄ°TTÄ°!! & CAME LIKE A STREET CHILD, LEFT LIKE A FOOTBALLER",2021-12-09 20:30:00+00:00,439388,6378,0,Dec,2021
SERT BAÅLAYAN TIRAÅ MUTLU SONLA BÄ°TTÄ°!! & SHAVE THAT STARTS HARD WITH A HAPPY END,2021-11-27 15:26:22+00:00,44852,861,0,Nov,2021
KATERÄ°NA SAÃ‡LARIMA MAKAS ATTI!! & KATERINA CUT MY HAIRS,2021-11-19 16:20:01+00:00,183529,2487,0,Nov,2021
EVSÄ°Z ADAM TIRAÅTAN SONRA Ä°TALYAN MANKENÄ° GÄ°BÄ° OLDU!! & HOMELESS MAN WAS LIKE ITALIANS AFTER SHAVING,2021-11-12 17:45:22+00:00,14112321,205675,0,Nov,2021
BELARUSTAN GELEN KADIN Ã–ÄRENCÄ°MÄ°ZE EÄÄ°TÄ°M VERDÄ°K & WE PROVIDED TRAINING TO OUR STUDENT FROM BELARUS,2021-11-09 14:21:54+00:00,40492,720,0,Nov,2021
SOKAK ADAMININ SAÃ‡INDAN Ã‡IKAN KÄ°R?? & THE MAN LIVING ON THE STREET CLEANED HAIR (ASMR),2021-10-29 22:48:56+00:00,56349,694,0,Oct,2021
SAÃ‡LARINDAN Ã‡OK SIKILMIÅ BÄ°R HALDEYDÄ°!? (Manken Gibi Oldu) & HE WAS EXTREMELY BORED WITH HAIR!,2021-10-27 15:00:22+00:00,192222,2955,0,Oct,2021
YAÅLI AMCA DÃœNYACA ÃœNLÃœ FUARDA MUHTEÅEM DEÄÄ°ÅÄ°MÄ°YLE SEYÄ°RCÄ°LERÄ° ÅOK ETTÄ°!!,2021-10-16 13:36:08+00:00,58052,1061,0,Oct,2021
KILDAN YÃœZÃœ GÃ–ZÃœ GÃ–RÃœNMÃœYODU!!? (BURUN DELÄ°KLERÄ°NE DOLARLA AÄDA YAPTIK..),2021-09-22 17:30:19+00:00,535550,5010,0,Sep,2021
SAÃ‡I SAKALI KONTROLDEN Ã‡IKMIÅ BÄ°R MÄ°SAFÄ°RE ACÄ°L MÃœDAHALEDE BULUNDUK!!?,2021-09-06 16:00:11+00:00,1329263,14238,0,Sep,2021
THE TRANSFORMATION OF THE MAN WE TAKING FROM THE STREET INTO AN NBA PLAYER!! & SOKAKTAN NBA'YE ?,2021-08-29 10:00:19+00:00,63745,1305,0,Aug,2021
SOKAKTAKÄ° HAYATLARIN DÃ–NÃœÅÃœMÃœ!!? 2 (TIRAÅ SAHNESÄ°),2021-08-24 16:00:16+00:00,56465,1093,0,Aug,2021
"BU TIRAÅTAN SONRA ARABÄ°STANA UÃ‡TU!! & AFTER THIS SHAVE, HE FLY TO ARABIA",2021-08-19 21:00:03+00:00,75003,1313,0,Aug,2021
YURT DIÅINDAN GELEN TURÄ°STÄ° TÃœRK TIRAÅI YAPTIK!! (BIYIKLAR 1 METRE),2021-08-16 19:17:32+00:00,75258,1059,0,Aug,2021
SOKAKTAKÄ° HAYATLARIN DÃ–NÃœÅÃœMÃœ!!? 2 & LA TRANSFORMACIÃ“N DE VIDAS EN LA CALLE 2,2021-07-17 16:00:05+00:00,407643,10429,0,Jul,2021
Ä°ÅÄ°TME ENGELLÄ° KARDEÅÄ°MÄ°ZÄ° SESSÄ°Z TIRAÅ ETTÄ°K!! & WE SHAVED OUR HEARING HANDICAPPED BROTHER SILENTLY,2021-07-12 15:33:33+00:00,68823,1351,0,Jul,2021
DAÄDA Ã‡OBANLIK YAPAN ADAMIN LÃœKS DEÄÄ°ÅÄ°MÄ°!!?,2021-07-08 14:00:06+00:00,733897,8605,0,Jul,2021
ğŸ’ˆASMRğŸ’ˆ BEARD SHAVING WITH A razor!! (TURKISH MASSAGE) & USTURAYLA SAKAL TIRAÅI!!?,2021-06-20 14:30:02+00:00,238973,2483,0,Jun,2021
SAÃ‡IN YANLARINA 3 Ä°ÅLEM YAPTIK!!? (KESÄ°M-BOYA-Ã‡Ä°ZÄ°M) & We cut and dyed the sides of the hair,2021-05-09 12:27:01+00:00,227964,7136,0,May,2021
BAZI HAYATLARA Ä°NCEDEN DOKUNMAK GEREKÄ°R!!? & Some lives must be touched!,2021-04-25 14:53:55+00:00,154912,3279,0,Apr,2021
BÃ–YLE KAÅ RECEP Ä°VEDÄ°KTE BÄ°LE YOK!!? (KAÅLARI ALINCA GÃ–ZLER ORTAYA Ã‡IKTI..),2021-04-18 15:18:22+00:00,9386115,68093,0,Apr,2021
SON ZAMANLARDA KENDÄ°SÄ°NÄ° HÄ°Ã‡ BÃ–YLE GÃ–RMEMÄ°Å!!?,2021-04-11 15:39:57+00:00,82696,1763,0,Apr,2021
Ã‡OCUK ARABADA TIRAÅ OLURKEN SAÃ‡LARINI YEDÄ°!!?,2021-04-04 14:02:29+00:00,42497,832,0,Apr,2021
CAMÄ° Ã–NÃœNDE MENDÄ°L SATAN AMCANIN YENÄ° STÄ°LÄ°!! & THE NEW STYLE OF THE MAN SELLING WIPES ON THE STREET,2021-03-28 19:00:10+00:00,4138365,38262,0,Mar,2021
HARABEDE YAÅAYAN ADAMI YEÅÄ°LÃ‡AMA GÃ–NDERDÄ°KK!!?,2021-03-25 11:46:41+00:00,816174,13915,0,Mar,2021
SOKAKTAKÄ° HAYATLARIN DÃ–NÃœÅÃœMÃœ!!? & LA TRANSFORMACIÃ“N DE VIDAS EN LA CALLE,2021-03-18 20:04:11+00:00,9716657,142628,0,Mar,2021
BABASI Ä°STEMEDÄ° KENDÄ° Ä°STEDÄ°!! (Haylaz Ã‡ocuk TIRAÅI..),2021-02-28 09:58:56+00:00,131358,2140,0,Feb,2021
Ã–NCEKÄ° HALÄ°YLE ARASINDA DAÄLAR KADAR FARK VAR!!?,2021-02-25 15:43:55+00:00,13639228,45104,0,Feb,2021
Ä°ÅÄ°TME ENGELLÄ° Ä°NÅAATÃ‡I KARDEÅÄ°MÄ°ZÄ°N STÄ°LÄ°NÄ° YENÄ°LEDÄ°K & WE SHAVE OUR HEARING-IMPAIRED WORKER SISTER,2021-02-21 09:00:54+00:00,3801398,65031,0,Feb,2021
SOKAKTA YAÅAYAN ADAMIN BÃœYÃœK DEÄÄ°ÅÄ°MÄ° 2 & GREAT CHANGE OF THE MAN LIVING IN THE STREET 2,2021-02-17 21:00:09+00:00,1511699,25029,0,Feb,2021
TIRAÅ OLMADAN Ã–NCE BOYA ALÃ‡I Ä°ÅÄ° YAPIYORDU ÅÄ°MDÄ° DERGÄ° KAPAKLARINDAN Ä°NMÄ°YOR!!?,2021-02-13 11:52:20+00:00,474367,5340,0,Feb,2021
TÃœRK NEYMARI BULDUK! KENDÄ°SÄ°NE AYNI SAÃ‡ SAKAL MODELÄ° TASARLADIK!? & TURKISH NEYMAR HAIR MODEL,2021-01-31 10:09:13+00:00,43255,841,0,Jan,2021
TÃœRK KILLI ADAMIN YÃœZ TEMÄ°ZLÄ°ÄÄ° (RAHATLATICI) & HAIR IS OUT ON THE TURKISH MAN'S FACE (ASMR),2021-01-24 16:11:36+00:00,107576,1364,0,Jan,2021
KIZ ARKADAÅI HÄ°Ã‡ ACIMADAN SAÃ‡INI SAKALINI KESTÄ°!!? & We cut my boyfriend's hair and beard!,2021-01-17 13:38:01+00:00,529719,4227,0,Jan,2021
SAÃ‡A SAKALA UFAK DOKUNUÅLAR BÃœYÃœK Ä°ÅLER & SMALL TOUCHS TO THE HAIR BEARD GREAT WORKS,2021-01-06 15:10:38+00:00,65344,998,0,Jan,2021
YÃœZ NAKLÄ° BÄ°LE BU KADAR DEÄÄ°ÅTÄ°REMEZDÄ°!!? & A MAN CANNOT CHANGE FACIAL TRANSPLANTATION THAT SO,2021-01-02 15:46:02+00:00,154625,1702,0,Jan,2021
TIRAÅTA AÄLAMAYAN Ã‡OCUK MU OLUR!!? (Bu yaÅŸta Usturayla sakal tÄ±raÅŸÄ± oldu!),2020-12-20 19:16:58+00:00,44380,611,0,Dec,2020
YÃœZÃœ DÃ–VMEDEN GÃ–ZÃœKMEYEN ADAMIN SAÃ‡LARINI BOYADIK VE KESTÄ°K!!? (EKÄ°P Ã‡ALIÅMASI),2020-12-12 19:59:42+00:00,26175,290,0,Dec,2020
SAÃ‡LARDAN Ã–NÃœNÃœ GÃ–REMÄ°YORDU!!?,2020-12-05 17:19:31+00:00,357739,3441,0,Dec,2020
Ä°NGÄ°LTEREDEN GELEN FENOMEN Ä°KÄ°Z KARDEÅLER AYNI ANDA AYNI SAÃ‡I KESTÄ°RDÄ°!!? | ( Ã‡izikli Model ),2020-11-29 19:25:09+00:00,13913,268,0,Nov,2020
BERBER HASRETÄ°YLE YANIP TUTUÅAN ADAM!!? (Kendini TanÄ±yamayacak Hale GelmiÅŸti.),2020-11-26 18:46:59+00:00,783061,7220,0,Nov,2020
Transforming to Kylian MbappÃ© / MbappÃ© Hair style . Kylian Mbappeâ€™ye dÃ¶nÃ¼ÅŸme / Mbappe SaÃ§ stili,2020-11-04 16:18:24+00:00,34282,472,0,Nov,2020
JUNÄ°OR SERGÄ°O RAMOS !!?,2020-10-27 12:06:45+00:00,201753,1170,0,Oct,2020
Bu KÄ±z Ã‡Ä±ldÄ±rmÄ±ÅŸ OlmalÄ± | SaÃ§larÄ±nÄ± KÄ±sa Kestirmek Ä°Ã§in AÄŸladÄ±!!?,2020-10-19 14:33:55+00:00,39513,439,0,Oct,2020
"KadÄ±n SaÃ§Ä±na Ã–rgÃ¼ Ã‡alÄ±ÅŸmasÄ±!!? (YapÄ±m AÅŸamalarÄ± 1,2,3...)",2020-10-13 14:34:07+00:00,9814,152,0,Oct,2020
Rasta AÄŸacÄ±nÄ± Soyduk!!?,2020-10-07 20:18:53+00:00,22586,259,0,Oct,2020
Minik RamÃ§o Yeni SaÃ§larÄ±yla BÃ¼yÃ¼k Ä°ÅŸler PeÅŸinde!!?,2020-10-03 20:30:46+00:00,14569,311,0,Oct,2020
Mucize DeÄŸiÅŸim 60â€™lÄ±k Moruk 30â€™luk Filinta Gibi DelikanlÄ± Oldu!!?,2020-09-22 16:12:10+00:00,387208,4043,0,Sep,2020
Dilara KaÃ§maz EÅŸinin SaÃ§larÄ±nÄ± Kesti!!?,2020-09-17 16:59:36+00:00,95845,1213,0,Sep,2020
Johnny Bravo SaÃ§ Modeli!! & Johnny Bravo Hairstyle,2020-09-15 16:01:06+00:00,49893,813,0,Sep,2020
GÃ¼neÅŸ Gibi Bir SaÃ§ YaptÄ±k !!,2020-09-08 18:46:58+00:00,12989,139,0,Sep,2020
ERKEK ADAM BOYA YAPTIRIR MI ?,2020-09-04 20:05:25+00:00,8443,168,0,Sep,2020
"HIRSIZ GÄ°BÄ° GELDÄ° MANKEN GÄ°BÄ° GÄ°TTÄ°!! | Came like a thief, got out like a model",2020-08-11 20:26:43+00:00,140563,1922,0,Aug,2020
6 AY BOYUNCA EVDEN Ã‡IKMAYAN ADAM NE HALE GELMÄ°Å!!? | HE HASNT GONE OUT FROM HOUSE FOR 6 MONTHS,2020-07-27 14:51:48+00:00,342140,3852,0,Jul,2020
Ä°NGÄ°LTEREDEN GELEN MÄ°SAFÄ°RÄ°N SAÃ‡I KESTÄ°KÃ‡E ALTINDAN BÄ°RÅEYLER Ã‡IKIYO!!?,2020-07-25 11:39:17+00:00,19793,238,0,Jul,2020
KAÅ ERKEÄÄ°N PÃœF NOKTASI!!?,2020-07-09 13:55:43+00:00,50952,243,0,Jul,2020
KOKO FÄ°RÄ°YE KIÅKIRTMA! | SAÃ‡ Ã‡IKARTAN  KREM!,2020-07-08 13:20:34+00:00,105996,1973,0,Jul,2020
ROCKÃ‡I GELDÄ° POPÃ‡U GÄ°TTÄ°!!?,2020-07-05 14:54:47+00:00,901083,9189,0,Jul,2020
KENDÄ°NÄ° GÃ–RÃœNCE ADETA NUTKU TUTULDU!!?,2020-07-02 13:43:57+00:00,26458,436,0,Jul,2020
BATMAN DAN GELEN MÃœÅTERÄ°YE TAS TIRAÅ MODELÄ° YAPMAK!!?,2020-06-30 12:48:11+00:00,105411,1252,0,Jun,2020
HERÅEY DAHÄ°L | Ã–NCESÄ° ~ SONRASI | BEFORE ~ AFTER,2020-06-28 17:45:20+00:00,10959,171,0,Jun,2020
Ã‡ILDIRDIK GECELÄ°KLE SAÃ‡ KESTÄ°K!!? & we cut hair with bathrobe,2020-06-26 15:13:44+00:00,10111,206,0,Jun,2020
BÄ°LAL SONSES SAÃ‡LARIâ€™NIN YANLARINA VEDA ETTÄ°!!?,2020-06-24 15:32:33+00:00,39536,436,0,Jun,2020
Ä°NSANLIKTAN Ã‡IKMIÅ HALDEYDÄ°!!? & OUT OF HUMANITY!!?,2020-06-23 17:33:18+00:00,20821,373,0,Jun,2020
BU SAKALLARI KESEBÄ°LECEK BÄ°R SEN VARSIN DEDÄ°!!?,2020-06-22 11:03:30+00:00,574909,3896,0,Jun,2020
DÃœNYANIN EN PAHALI USTURASI!? | (3999$ MÃœCEVHER DOLU) & DIAMOND FILLED RAZOR!?,2020-06-20 16:31:48+00:00,8676,151,0,Jun,2020
BÄ°R SAÃ‡TA BU KADAR RENK GÃ–RÃœLMEDÄ°!? | HER ÅEY GÄ°DER RADÄ°CAL COLOR!!,2020-06-19 10:16:11+00:00,8265,175,0,Jun,2020
NEREDEN NEREYE | NEYDÄ° NE OLDU!!,2020-06-12 16:37:26+00:00,17853,336,0,Jun,2020
HÄ°NDÄ°STANâ€™DAN GELEN KARDEÅÄ°MÄ°Z BENÄ° DEÄÄ°ÅTÄ°R DEDÄ° | SONUÃ‡!!?,2020-06-08 10:29:26+00:00,111020,1770,0,Jun,2020
DELÄ°KANLI TIRAÅI!!,2020-06-03 15:48:32+00:00,40316,602,0,Jun,2020
DEÄÄ°ÅÄ°ME GELDÄ° VE DEÄÄ°ÅTÄ°!!? YAKARÄ°7 |,2020-06-01 16:18:43+00:00,19124,527,0,Jun,2020
BULUNMAYAN PARLAMENT MAVÄ°SÄ°YLE SAÃ‡ BOYADIK!!?,2020-05-30 13:58:16+00:00,28078,648,0,May,2020
EZGÄ°ZEMÄ°N SAÃ‡LARI BOYADIK!!,2020-05-29 15:23:21+00:00,23863,669,0,May,2020
PERMATÄ°KLE SAÃ‡ SAKAL TEMÄ°ZLÄ°ÄÄ°!!?,2020-05-27 19:53:58+00:00,321353,3047,0,May,2020
EVSÄ°Z ADAMIN MUHTEÅEM DEÄÄ°ÅÄ°MÄ°!! & THE AMAZING CHANGE OF THE HOMELESS MAN!!,2020-05-25 15:11:38+00:00,57372,871,0,May,2020
TEK PARMAKLA SAÃ‡ KESEN ADAM & Hair cut with one finger!!,2020-05-23 15:44:34+00:00,63755,1156,0,May,2020
JUSTÄ°N BÄ°EBER SAÃ‡ MODELÄ° & JUSTÄ°N BÄ°EBER HAIR STYLE,2020-05-21 12:17:22+00:00,49313,894,0,May,2020
KARSLI OLDU TEXASLI!?,2020-05-19 11:42:24+00:00,43945,602,0,May,2020
MARUL KAFAYLA BÄ°RLÄ°KTE Ä°SMAÄ°L AMCANIN SAÃ‡LARI KESTÄ°K!!?,2020-05-18 15:25:07+00:00,15172,347,0,May,2020
SOKAKTA YAÅAYAN ADAMIN BÃœYÃœK DEÄÄ°ÅÄ°MÄ°!? & GREAT CHANGE OF THE MAN LIVING IN THE STREET!?,2020-05-17 13:01:27+00:00,1633524,34388,0,May,2020
MASKELÄ° KESÄ°M Ã‡OK ZOR OLDU!! BU VÄ°RÃœS BÄ°ZÄ° NE HALE SOKTU!?,2020-05-14 14:56:39+00:00,24016,362,0,May,2020
KARANTÄ°NADA KARDEÅÄ°MÄ° SAÃ‡ SAKAL TIRAÅ ETTÄ°M!!? (Sonunda SÃ¼priz Var),2020-04-24 17:57:01+00:00,59628,1015,0,Apr,2020
En iyi berber videolarÄ± 2 & Best barber videos 2,2020-04-17 15:28:53+00:00,63514,581,0,Apr,2020
best barber videos & en iyi berber videolarÄ±,2020-04-16 16:15:07+00:00,13721,207,0,Apr,2020
Evde BabamÄ±n Pembe SaÃ§larÄ±nÄ± Jiletle KazÄ±dÄ±k!!?,2020-04-14 11:59:05+00:00,70467,886,0,Apr,2020
EVDE BABAMIN SAÃ‡INI PEMBEYE BOYADIK!!?,2020-04-09 20:36:11+00:00,45674,586,0,Apr,2020
Babama Evde Ä°p KullanmasÄ±nÄ± Ã–ÄŸrettim KaÅŸlarÄ±mÄ± AldÄ±!? #Evdekal,2020-04-06 12:47:51+00:00,14357,272,0,Apr,2020
Sakallar Ä°Ã§in TaÅŸ KaÄŸÄ±t Makas OynadÄ±k!? & We Played Rock Paper Scissors For The Beards!?,2020-03-21 13:30:09+00:00,5272431,38532,0,Mar,2020
Asena Veyselâ€™in SaÃ§larÄ±nÄ±n Ä°Ã§inden GeÃ§ti!!,2020-03-19 17:54:02+00:00,134201,2459,0,Mar,2020
"OtobÃ¼s ÅofÃ¶rÃ¼ydÃ¼ 2 Ayda Berber YaptÄ±k!? (EÄŸitim) & He was a bus driver, we made a barber in 2 months",2020-03-08 21:11:00+00:00,25278,413,0,Mar,2020
Makas Kesmedi Bizde Usturayla Kestik!!?,2020-03-04 12:25:34+00:00,40904,683,0,Mar,2020
What Lies Under Big Hair!? & Koca SaÃ§larÄ±n AltÄ±nda Neler YatÄ±yor!!?,2020-02-27 10:22:42+00:00,23294,387,0,Feb,2020
Berber MakasÄ± ASMR!!? & Barber Scissors ASMR!!?,2020-02-21 15:07:24+00:00,14083,97,0,Feb,2020
Ceren YaldÄ±zâ€™Ä±n Ã‡ocukluk Hayali!!?,2020-02-20 12:30:10+00:00,11096,131,0,Feb,2020
TECRÃœBE ABÄ°DESÄ° KADIN SAÃ‡LARIMA PERMA YAPIYOR!!,2020-02-19 11:24:17+00:00,11276,186,0,Feb,2020
DÃ¼nyaâ€™nÄ±n En HÄ±zlÄ± TraÅŸÄ±!!? (15 Dakika 45 Saniyede Kesti) & World's Fastest Shave!!?,2020-02-09 10:59:54+00:00,13986,191,0,Feb,2020
AdamÄ± Sokaktan AlÄ±p Yeni Ä°maj TasarladÄ±k & We took the man from the street and designed a new image,2020-02-07 13:24:27+00:00,296057,2819,0,Feb,2020
BOL SARIMSAKLI Ä°ÅKEMBE Ã‡ORBASI Ä°Ã‡Ä°P TRAÅ ETTÄ°K!!? (Komik Tepkiler..),2020-01-31 15:00:04+00:00,30067,433,0,Jan,2020
Delikli Bone Ä°le SaÃ§ Boyama!!?,2020-01-30 17:47:57+00:00,17225,133,0,Jan,2020
YanlarÄ± Al Ãœstler KalsÄ±n SaÃ§ Modeli!!?,2020-01-27 15:32:08+00:00,25095,191,0,Jan,2020
LACASA DE PAPEL TOKYO SAÃ‡ MODELÄ°!!?,2020-01-25 18:44:49+00:00,16029,188,0,Jan,2020
PÄ±rasa Gibi Geldi Marul Gibi Ã‡Ä±ktÄ±!!?,2020-01-23 09:47:37+00:00,10345,106,0,Jan,2020
10 Dakikada 2 YÄ±llÄ±k SaÃ§a Perma YaptÄ±k!!?,2020-01-22 17:33:13+00:00,14003,162,0,Jan,2020
Uzun SaÃ§lardan SÄ±kÄ±ldÄ± Ve Kestirdi!!? (Sonu acayip oldu.),2020-01-21 17:44:27+00:00,392472,3521,0,Jan,2020
AÅIRI RAHATLATICI SAÃ‡ KIZARTMA VE KESÄ°M!!?,2020-01-19 18:15:23+00:00,89479,1706,0,Jan,2020
Bu SaÃ§Ä± YaptÄ±rdÄ±ktan Sonra Yurt DÄ±ÅŸÄ±na KaÃ§tÄ±!!?,2020-01-16 11:30:32+00:00,23143,355,0,Jan,2020
Dilara KaÃ§maz and Asena KÄ±zÄ±larslan DÃ¼ello!!?(birbirini yaktÄ±lar),2020-01-14 11:15:00+00:00,159182,932,0,Jan,2020
KadÄ±n Gibi Geldi Erkek Gibi Gitti!!?,2020-01-08 09:39:39+00:00,115841,938,0,Jan,2020
SaÃ§larÄ± Gri YaptÄ±k ÃœstÃ¼de Rengarenk Oldu!!?,2020-01-05 13:01:28+00:00,10385,121,0,Jan,2020
Yeni TarzÄ±nÄ± GÃ¶rÃ¼nce Ã‡ok Mutlu Oldu!!?,2020-01-04 09:56:36+00:00,128700,1295,0,Jan,2020
YÃ¼zÃ¼ne AÄŸda Yaparken Derisi KalktÄ±!!?,2019-12-29 16:51:09+00:00,3000256,33782,0,Dec,2019
2020 YÄ±lÄ±nÄ±n En YakÄ±ÅŸÄ±klÄ± Modeli Ãœzerinde EÄŸitim!!?,2019-12-27 15:43:57+00:00,418780,4465,0,Dec,2019
Aile Boyu DeÄŸiÅŸim!!?,2019-12-24 20:21:51+00:00,21826,293,0,Dec,2019
DÃ¼nya GÃ¼zelinin KulaklarÄ± Temiz Ã‡Ä±ktÄ±!?,2019-12-23 14:52:46+00:00,13551,135,0,Dec,2019
ParayÄ± Ã–deyemedi Bizde SaÃ§larÄ±nÄ± AldÄ±k!!? (Sad Ending One),2019-12-22 15:59:29+00:00,26322,501,0,Dec,2019
Bu SaÃ§lara BabasÄ± Ne Dedi!!?,2019-12-19 18:06:02+00:00,83589,1122,0,Dec,2019
HavuÃ§ Kafa Bonus Kafa Oldu!?,2019-12-13 13:53:19+00:00,1136674,11141,0,Dec,2019
Dev Gibi SaÃ§lar CÃ¼ce Gibi KaldÄ±!?,2019-12-10 12:39:49+00:00,282834,2629,0,Dec,2019
Olmayan SaÃ§larÄ±nÄ± Zorla Kestirdi!?,2019-12-08 13:17:23+00:00,168293,1692,0,Dec,2019
Kel Geldi SaÃ§lÄ± Gitti!?,2019-12-06 18:48:00+00:00,414435,5129,0,Dec,2019
Bedelli AskerliÄŸe Bedelini Ã–deyip Gitti!?,2019-12-05 18:02:54+00:00,242289,2151,0,Dec,2019
Siyahi Adam Beyaz Oldu!?,2019-11-29 16:16:15+00:00,7560,178,0,Nov,2019
Bu SaÃ§larÄ± Elinden AldÄ±k!?,2019-11-25 12:34:50+00:00,26649,304,0,Nov,2019
Minik AdamÄ±n AltÄ±nda Modellik YatÄ±yormuÅŸ!?,2019-11-20 12:21:02+00:00,20132,323,0,Nov,2019
KÃ¼Ã§Ã¼k Kalpler de BÃ¼yÃ¼k Mutluluk!?,2019-11-16 18:21:37+00:00,15856,309,0,Nov,2019
Bu Kesim Ä°Ã§in Brezilya dan Ã‡Ä±kÄ±p GelmiÅŸ!!?,2019-11-12 11:12:32+00:00,6480938,59412,0,Nov,2019
6 YÄ±llÄ±k SaÃ§lar Gitti!!,2019-11-06 12:52:01+00:00,9500,72,0,Nov,2019
Ezgizem YardÄ±m Ä°stedi Bizde KoÅŸtuk KurtardÄ±k!,2019-11-04 10:58:55+00:00,24652,337,0,Nov,2019
Sakallar YarÄ±ÅŸÄ±yor!?,2019-11-03 12:38:16+00:00,41067,521,0,Nov,2019
Before & After 2,2019-11-01 15:05:25+00:00,14789,252,0,Nov,2019
GerÃ§ek Ã–rÃ¼mcek Wax NasÄ±l YapÄ±lÄ±r!?,2019-10-24 15:02:47+00:00,21090,283,0,Oct,2019
Barber DÃ¼ello VOL2,2019-10-17 15:35:33+00:00,13655,270,0,Oct,2019
Barber DÃ¼ello VOL1,2019-10-08 16:00:01+00:00,8039,147,0,Oct,2019
Sakallar Rengarenk Oldu!?,2019-09-22 11:23:01+00:00,806651,8495,0,Sep,2019
Son Hali ÅaÅŸÄ±rtÄ±cÄ±!?,2019-09-19 15:32:11+00:00,15184,136,0,Sep,2019
Asmr batÄ±k ve NasÄ±r temizleme !!,2019-09-02 13:40:30+00:00,125648,195,0,Sep,2019
Fenomenlerin kuafÃ¶rÃ¼ kim ??,2019-08-29 12:39:22+00:00,20091,265,0,Aug,2019
Avrupai SaÃ§ Kesimi!?,2019-08-20 19:48:43+00:00,10007,130,0,Aug,2019
BoyalÄ± SaÃ§lar NasÄ±l YÄ±kanmalÄ±dÄ±r Ve NasÄ±l Åekillendirilir?!,2019-08-05 14:18:13+00:00,12350,171,0,Aug,2019
Erkek Berberinde Aranan Extra Hizmetler & Men's Barber Services,2019-08-01 17:16:41+00:00,6181,46,0,Aug,2019
KÄ±vÄ±rcÄ±k DalgalÄ± Ve Uzun SaÃ§Ä± Kestik!,2019-07-31 10:32:40+00:00,233431,1666,0,Jul,2019
BabamÄ±n 1 YÄ±llÄ±k SaÃ§Ä±nÄ± SakalÄ±nÄ± Kestik!!?,2019-07-22 15:04:57+00:00,3338586,26086,0,Jul,2019
Bir GÃ¼nde 3420TL NasÄ±l KazandÄ±k!?,2019-07-18 11:52:50+00:00,13635,246,0,Jul,2019
ASMR KULAK TEMÄ°ZLEME EAR CLEANÄ°NG,2019-05-29 11:47:26+00:00,179685,5310,0,May,2019
Havuz BaÅŸÄ±nda 10 Bin DolarlÄ±k TÄ±raÅŸ !!,2019-05-21 14:06:27+00:00,12631,162,0,May,2019
ASMR ATEÅLE OYNUYOR !!,2019-05-19 07:56:24+00:00,110540,3176,0,May,2019
SaÃ§lar Ã§ok iyi oldu !!,2019-04-19 11:44:56+00:00,102872,3516,0,Apr,2019
ASMR HEAD MASSAGE BARBER,2019-04-12 12:19:16+00:00,11414,119,0,Apr,2019
SÃ–Z VERDÄ°K TUTTUK !!,2019-04-02 14:05:42+00:00,1543359,44577,0,Apr,2019
MÃœKEMMEL SONUÃ‡ !!?,2019-03-15 20:42:46+00:00,100752,3483,0,Mar,2019
ADAMIN BURNUNDAN Ã‡IKANLARA BAKIN !!?,2019-03-06 07:47:02+00:00,99503,2480,0,Mar,2019
YAÅLI AMCANIN MÃœKEMMEL DEÄÄ°ÅÄ°MÄ°,2019-02-28 12:01:38+00:00,8483,97,0,Feb,2019
ESKÄ° MAKÄ°NE Ä°LE MÃœKEMMEL BÄ°R Ã‡ALIÅMA,2019-02-23 06:36:31+00:00,119128,2547,0,Feb,2019
DÃœNYANIN EN Ã‡OK BÄ°LÄ°NEN BERBERÄ° BARBERSTOWN FOX TV,2019-02-22 18:49:59+00:00,8257,132,0,Feb,2019
USTA KIZ Ã‡IRAÄINA NELER YAPTI !!,2018-11-05 16:00:02+00:00,20949,188,0,Nov,2018
Rulo ile SaÃ§ BoyadÄ±k!!?,2018-10-25 16:41:32+00:00,80978,2306,0,Oct,2018
Enes Batur Alev AldÄ±!?,2018-09-09 10:58:12+00:00,26115,231,0,Sep,2018
ADAMA NELER OLDU NELER,2018-08-28 11:59:43+00:00,88300,2265,0,Aug,2018
KÃ–FTECÄ° DEDE NELER Ä°STEDÄ°,2018-08-14 13:28:08+00:00,101028,3063,0,Aug,2018
BARBER TATTO DÃ–VMELÄ° ADAM TIRAÅ OLUYOR,2018-08-11 11:14:07+00:00,17467,101,0,Aug,2018
KÄ°MLER GRÄ° BOYA Ä°STÄ°YOR!??,2018-07-22 19:26:26+00:00,14455,138,0,Jul,2018
SAÃ‡I YANAN BAYANI KURTARDIK!!,2018-07-14 10:01:17+00:00,104643,795,0,Jul,2018
ÃœnlÃ¼ Model Kesim!?,2018-07-09 12:07:47+00:00,30345,325,0,Jul,2018
Bebe Bir TraÅŸla KaÃ§ YaÅŸ BÃ¼yÃ¼dÃ¼!!?,2018-07-07 10:33:36+00:00,47026,632,0,Jul,2018
En Rahat KullanÄ±lan SaÃ§!!?,2018-06-25 17:08:57+00:00,32014,289,0,Jun,2018
TÃ¼rkiyeyi Trolliyen Ã‡ocuÄŸun Ã‡Ä±lgÄ±n DeÄŸiÅŸimi!!?,2018-06-11 16:23:20+00:00,93275,2934,0,Jun,2018
Ramazan Davulcusu KÄ±zÄ±nÄ± VerirmiÅŸ!?,2018-06-05 16:10:29+00:00,26091,232,0,Jun,2018
PazarcÄ± Mariano Di Vaio Oldu!!,2018-05-30 15:17:31+00:00,50314,392,0,May,2018
HerÅŸey Para DeÄŸil!?,2018-05-29 15:08:02+00:00,23486,335,0,May,2018
Yeni! (Gri Wax) Denedim?!,2018-05-28 09:04:06+00:00,40910,316,0,May,2018
Ragnar Lothbrok Hair Style!!?,2018-05-24 14:26:24+00:00,1579778,20194,0,May,2018
AÄDA ADAMI DOMATES GÄ°BÄ° KIZARTTI!!,2018-05-16 17:03:19+00:00,137179,869,0,May,2018
Tek KurÅŸun Tik Tak,2018-05-05 16:23:21+00:00,81872,1585,0,May,2018
Her ErkeÄŸin AradÄ±ÄŸÄ± Boya,2018-04-28 16:14:17+00:00,29132360,1315881,0,Apr,2018
Adam YÄ±llar Sonra YÃ¼z Nakli Oldu!?,2018-04-14 15:26:58+00:00,160363,545,0,Apr,2018
En DoÄŸru Karar?,2018-04-09 15:45:56+00:00,139338,607,0,Apr,2018
BERBERE GÄ°DERKEN Ã–LÃœYORDU!!,2018-04-08 16:56:51+00:00,21225,285,0,Apr,2018
Ya Ben Size Gurban Olurum!,2018-03-31 09:27:44+00:00,12296,173,0,Mar,2018
DÃœN KÃœNEFECÄ°YDÄ° BUGÃœN MANKEN OLDU!!,2018-03-22 15:48:18+00:00,468960,4034,0,Mar,2018
ERKEK BERBERÄ°NE KADIN GELÄ°RSE NE OLUR?,2018-03-20 15:42:04+00:00,36212,236,0,Mar,2018
Ã‡iftliÄŸi Ben Soydum !,2018-03-17 15:07:42+00:00,68965,1674,0,Mar,2018
HEP AYNI MODELLERDEN SIKILDIK !!,2018-03-16 13:45:44+00:00,67569,486,0,Mar,2018
KaÅŸlarÄ± BoyadÄ± Neler Oldu,2018-03-11 16:38:22+00:00,287499,3950,0,Mar,2018
Uzun SaÃ§lardan SÄ±kÄ±ldÄ±m! DiyorsanÄ±z Kendinizi GÃ¼venilir Ellere BÄ±rakÄ±n,2018-03-07 11:59:32+00:00,37091,200,0,Mar,2018
Ronaldo SaÃ§ Modeli & Ronaldo Hair Model,2018-03-06 19:05:17+00:00,24597,129,0,Mar,2018
Ã‡orumlu Amir Berberde Neler YaÅŸadÄ±,2018-02-28 13:48:01+00:00,930045,5485,0,Feb,2018
Mihriban (Ã‡ukur),2018-02-20 14:51:21+00:00,7434,83,0,Feb,2018
Kendi SaÃ§larÄ±mÄ± BoyadÄ±m!! (EÄŸitici),2018-02-18 14:35:19+00:00,12839,117,0,Feb,2018
Alex Telles SaÃ§ Modeli & Alex Telles Hair Model,2018-02-16 17:21:39+00:00,57848,1272,0,Feb,2018
Sokaktaki VatandaÅŸlarÄ± KÄ±ÅŸkÄ±rttÄ±k SaÃ§larÄ± Kestirdik !!!,2018-02-06 19:04:47+00:00,9284,172,0,Feb,2018
Berberin makasÄ±nÄ± yere dÃ¼ÅŸÃ¼rÃ¼nce MÃ¼ÅŸteriâ€™nin baÅŸÄ±na neler geldi izleyin ve gÃ¶rÃ¼n,2018-02-02 15:40:03+00:00,22030,180,0,Feb,2018
Ä°ki Usta Elin BirleÅŸmesi SaÃ§ Renklendirme Kesim DÃ¼nya SÄ±ralamasÄ±na Girer,2018-01-31 17:46:49+00:00,32214,184,0,Jan,2018
AcÄ± Ã‡ekmek YaÅŸam TarzÄ±,2018-01-28 10:08:14+00:00,266249,1930,0,Jan,2018
BÃ¶yle Kavga GÃ¶rÃ¼lmedi,2018-01-26 15:51:22+00:00,53407,1335,0,Jan,2018
10 YaÅŸÄ±nda SakallarÄ± Jiletle Kestiriyor,2018-01-26 09:33:46+00:00,139260,2056,0,Jan,2018
Kendi Kendini Vurdu,2018-01-25 13:48:47+00:00,79769,1263,0,Jan,2018
Before & After,2018-01-16 14:29:06+00:00,3888590,12960,0,Jan,2018
En KullanÄ±ÅŸlÄ± SaÃ§ Modeli,2018-01-14 17:17:17+00:00,16248,116,0,Jan,2018
YanÄ±yorsun Fuat Abi (brazilya fÃ¶nÃ¼),2018-01-13 15:40:02+00:00,58531,878,0,Jan,2018
4 YÄ±llÄ±k UzattÄ±ÄŸÄ± SaÃ§lar Gitti,2018-01-12 15:22:55+00:00,166438,545,0,Jan,2018
Koca Bebek HÃ¼ngÃ¼r HÃ¼ngÃ¼r AÄŸladÄ±,2018-01-09 15:29:12+00:00,43487,309,0,Jan,2018
Korktun Mu?,2018-01-06 16:00:15+00:00,97355,1695,0,Jan,2018
Haylaz Bebe,2018-01-02 17:20:52+00:00,24311,272,0,Jan,2018
40 YÄ±ldÄ±r MaÄŸarada YaÅŸayan Adam,2018-01-01 16:40:54+00:00,3131800,6738,0,Jan,2018
Marul Ve BabasÄ±â€™nÄ±n En Komik AnlarÄ± Barberstownâ€™da,2017-12-31 10:14:48+00:00,92363,547,0,Dec,2017
SÄ±fÄ±r Bir,2017-12-28 15:47:17+00:00,32693,157,0,Dec,2017
Atsan AtÄ±lmaz Satsan SatÄ±lmaz,2017-12-27 17:39:52+00:00,44989,805,0,Dec,2017
Sizin AÃ§Ä±k GÃ¶zle YapamadÄ±ÄŸÄ±nÄ±zÄ± Adam GÃ¶zÃ¼ KapalÄ± YapÄ±yor,2017-12-25 18:04:32+00:00,36639,231,0,Dec,2017
Eskiyi Getir Yeniyi GÃ¶tÃ¼r,2017-12-23 14:52:25+00:00,488778,1819,0,Dec,2017
Ã‡aÄŸatay Ulusoy SaÃ§ Modeli (iÃ§erde dizisi),2017-12-22 15:01:20+00:00,222994,2652,0,Dec,2017
Dev Ustura Ä°le Sakal Kestik Olay Oldu,2017-12-21 13:31:44+00:00,54296,794,0,Dec,2017
Bu Bir Mucize DeÄŸil Yetenek,2017-12-20 16:29:25+00:00,835620,2260,0,Dec,2017
KardeÅŸ Bizi Ä°nternete Falan KoymucanÄ±z Demi La,2017-12-20 10:50:30+00:00,87093,814,0,Dec,2017
YattÄ± YatÄ±rdÄ± DÃ¼ÅŸtÃ¼ KalktÄ± Kesti,2017-12-19 15:34:52+00:00,17820,152,0,Dec,2017
SaÃ§lara Beyaz Show,2017-12-16 15:11:15+00:00,58145,263,0,Dec,2017
AdamÄ±n SaÃ§Ä± YaktÄ±k Olay Oldu,2017-12-12 15:12:11+00:00,220634,664,0,Dec,2017
GelmiÅŸ geÃ§miÅŸ en ilginÃ§ en kaliteli kuafÃ¶r & The most interesting top quality barber ever,2017-12-10 14:21:01+00:00,116921,479,0,Dec,2017
Neydi ne oldu ?,2017-12-06 17:47:37+00:00,128556,3246,0,Dec,2017
MeriÃ§ Ä°zgi erkek Ã§ocuÄŸunu ilk defa Barberstowna traÅŸa getirdi,2017-12-02 15:44:21+00:00,47727,224,0,Dec,2017
YanlarÄ± al Ã¼stler kalsÄ±n,2017-12-01 15:58:54+00:00,272795,5333,0,Dec,2017
Son 100 yÄ±lÄ±n deÄŸiÅŸimi &  The last 100 years of change,2017-11-29 15:48:54+00:00,217144,754,0,Nov,2017
0 dan iz kaybetme & Lose track from 0,2017-11-28 15:18:01+00:00,109532,1250,0,Nov,2017
Omre hair men uzun saÃ§lÄ± erkek saÃ§Ä±na yoÄŸun krepe ve omre dÃ¼z fon,2017-11-26 11:59:18+00:00,39935,174,0,Nov,2017
AÄŸaÃ§ Motoru Ä°le Sakal Kesti & Cutting beard with saw,2017-11-18 09:23:06+00:00,29737,541,0,Nov,2017
GÃ¶z AkÄ±mÄ± BaÅŸladÄ± Ve Barberstown Bunu SaÃ§ Kesimi Ä°le BirleÅŸtirdi !!,2017-11-15 12:01:09+00:00,61510,240,0,Nov,2017
Adam Bir Anda SaÃ§Ä±nÄ± Usturaya Vurdurdu,2017-11-13 09:42:19+00:00,525805,1166,0,Nov,2017
Eminem SaÃ§ Modeli Ä°stedi Bizde YaptÄ±k & Eminem Hair Model Wanted,2017-11-09 14:50:52+00:00,114445,427,0,Nov,2017
Can YÃ¼ceâ€™nin KuafÃ¶rÃ¼ Kim ?,2017-11-05 14:46:13+00:00,53971,877,0,Nov,2017
KaÅŸ NasÄ±l AlÄ±nÄ±r,2017-11-04 11:17:47+00:00,190270,459,0,Nov,2017
KÄ±sa SaÃ§a NasÄ±l FÃ¶n Ã‡ekilir & How to Draw Short Hair,2017-11-02 15:45:31+00:00,278567,1798,0,Nov,2017
CadÄ±lar BayramÄ±nda Korku TemalÄ± SaÃ§ Kesimi & Horror-themed Haircut on Halloween,2017-10-31 16:46:56+00:00,4551,75,0,Oct,2017
PÄ±rasa KafaydÄ± Burak Ã–zcivit Oldu Ã‡Ä±ktÄ±,2017-10-31 10:41:27+00:00,1052250,3772,0,Oct,2017
Bu SaÃ§ Kesimi Ã‡ok BeÄŸenildi & This haircut is very popular,2017-10-30 10:06:16+00:00,86042,461,0,Oct,2017
Uzun SaÃ§Ä±n AralarÄ±na Delikli Boneyle Boya yaptÄ±k,2017-10-18 17:29:54+00:00,455256,1080,0,Oct,2017
En Ä°yi KÄ±sa SaÃ§ Modeli & Best short hairstyle,2017-10-17 16:47:37+00:00,152688,457,0,Oct,2017
ZÄ°RVEDE SAÃ‡ KESTÄ° & HIGH HAIR CUTTING,2017-10-11 16:05:23+00:00,2661,42,0,Oct,2017
DalgalÄ± Ve KÄ±vÄ±rcÄ±k SaÃ§lara Tarak Kullanmadan DÃ¼zleÅŸtirip Åekillendiriyor,2017-09-14 16:20:18+00:00,487721,4415,0,Sep,2017
Marul Kafa Ne Ä°ÅŸ Yapar ?,2017-09-07 15:13:16+00:00,755366,6731,0,Sep,2017
DÃœNYA'NIN EN TATLI BEBEÄÄ° SAÃ‡LARINI KESTÄ°RÄ°YOR & BABY HAÄ°RCUT,2017-09-05 17:51:36+00:00,638043,5828,0,Sep,2017
Ä°kizler SaÃ§ Kesimi & Twins haircut,2017-08-26 09:03:20+00:00,215400,830,0,Aug,2017
MeriÃ§ Ä°zgi'nin KuafÃ¶rÃ¼ Kim & Who is the hairdresser of MeriÃ§ Ä°zgi,2017-08-12 17:36:08+00:00,654531,2000,0,Aug,2017
11 yaÅŸÄ±ndaki Ã§ocuk bakÄ±n neler yapÄ±yo gri saÃ§ boyuyor,2017-05-23 18:19:32+00:00,169287,790,0,May,2017
SaÃ§a fÃ¶n nasÄ±l Ã§ekilir,2017-05-16 19:12:45+00:00,49088,334,0,May,2017
Erkek SaÃ§Ä±na Gri boya nasÄ±l yapÄ±lÄ±r,2017-04-22 13:00:22+00:00,40459,804,0,Apr,2017
